Vehicle_ID,Vehicle_Type,Vehicle_Model,Vehicle_Number,Fuel_Type,Seating_Capacity,Registration_Year,Vehicle_Status
1,Mini,Tiago,GJ76CL4406,Petrol,4,2017,Active
2,SUV,Creta,KA90EJ6753,Petrol,7,2021,Inactive
3,Sedan,City,GJ53CM1479,CNG,5,2020,Active
4,SUV,Scorpio,GJ27XZ3723,Petrol,7,2025,Active
5,Sedan,Dzire,MH47CR7034,CNG,5,2021,Active
6,Sedan,City,KA88KM1293,CNG,5,2023,Active
7,Mini,Alto,DL31CX6141,Electric,4,2021,Active
8,Mini,Tiago,GJ67IC4668,Electric,4,2023,Inactive
9,SUV,Creta,GJ05YA3606,Petrol,6,2023,Active
10,Bike,Activa,GJ54DN5144,Petrol,2,2021,Active
11,Mini,WagonR,KA67MX1299,Electric,4,2019,Active
12,Sedan,City,GJ58JR5591,CNG,5,2022,Active
13,Mini,Alto,MH76VC8465,Electric,4,2025,Active
14,Bike,Ntorq,MH20SX8829,Petrol,2,2017,Active
15,Mini,Alto,KA26BB3813,CNG,4,2019,Active
16,Bike,Splendor,DL91EN1031,Electric,2,2019,Active
17,Mini,Tiago,KA96MC9325,Electric,4,2016,Active
18,Sedan,Amaze,KA06UD2788,CNG,5,2021,Maintenance
19,SUV,Scorpio,DL02CG2394,Diesel,6,2015,Maintenance
20,Bike,Splendor,KA04GQ2983,Petrol,2,2019,Active
21,Bike,Activa,GJ30KO3055,Electric,2,2016,Active
22,Sedan,Amaze,KA18GV8638,Petrol,5,2023,Inactive
23,Bike,Activa,MH06BB6069,Electric,2,2025,Active
24,Bike,Ntorq,DL14AN3713,Petrol,2,2015,Active
25,Sedan,Amaze,GJ50CN8179,Diesel,5,2022,Active
26,Sedan,Amaze,GJ37KQ1796,Diesel,5,2022,Active
27,Mini,Alto,MH80ID7857,Petrol,4,2021,Active
28,Bike,Activa,DL81JB3999,Petrol,2,2018,Active
29,Bike,Activa,DL69SH6508,Petrol,2,2022,Active
30,Bike,Activa,GJ24HY8599,Petrol,2,2023,Active
31,Sedan,Dzire,MH01LM9128,Petrol,5,2020,Active
32,SUV,Brezza,GJ70HU6383,Petrol,7,2021,Active
33,SUV,Creta,KA65UQ2227,Diesel,6,2021,Inactive
34,Sedan,City,GJ38HP8964,CNG,5,2018,Active
35,SUV,Creta,KA65CX6444,Petrol,7,2016,Active
36,SUV,Scorpio,DL27WC9236,Diesel,7,2020,Active
37,Mini,Alto,KA79TM9616,Electric,4,2023,Inactive
38,SUV,Brezza,GJ45WA3828,Diesel,6,2021,Active
39,Sedan,Amaze,MH99RZ3909,CNG,5,2016,Maintenance
40,Sedan,Dzire,MH29DD4804,CNG,5,2015,Active
41,Sedan,Amaze,GJ64SN1134,CNG,5,2017,Active
42,Sedan,City,GJ05TR8447,Petrol,5,2025,Active
43,Sedan,Amaze,MH33JT6169,Diesel,5,2021,Active
44,Mini,WagonR,DL05SV3534,Petrol,4,2018,Active
45,Mini,WagonR,MH84JE1495,Electric,4,2020,Inactive
46,Mini,Tiago,MH38ZE6256,Petrol,4,2023,Active
47,SUV,Creta,DL62KU7054,Petrol,6,2020,Active
48,Sedan,Amaze,KA29PY3898,CNG,5,2021,Active
49,Sedan,Amaze,KA22HY1578,Petrol,5,2021,Active
50,Bike,Activa,KA94EY9460,Petrol,2,2020,Inactive
51,Sedan,City,MH46JS9177,Diesel,5,2022,Active
52,Mini,Tiago,GJ79NL6459,Electric,4,2022,Active
53,SUV,Brezza,DL05NX4226,Diesel,6,2015,Active
54,Bike,Activa,GJ67PR8541,Petrol,2,2023,Inactive
55,Bike,Activa,KA71YE2085,Electric,2,2022,Active
56,Bike,Ntorq,GJ19BC5922,Electric,2,2018,Active
57,Sedan,Amaze,KA81ZG2969,CNG,5,2016,Inactive
58,Sedan,Amaze,KA44SE7753,Petrol,5,2019,Active
59,Mini,Alto,DL15ZD9433,Electric,4,2016,Active
60,SUV,Brezza,GJ49TC4275,Petrol,7,2021,Maintenance
61,Mini,WagonR,DL73SV2352,Electric,4,2018,Active
62,Mini,Alto,KA91GC7058,CNG,4,2023,Active
63,SUV,Brezza,GJ60RN2802,Diesel,7,2019,Maintenance
64,Sedan,Dzire,MH71VC1356,Petrol,5,2017,Inactive
65,SUV,Scorpio,MH85MU2083,Diesel,7,2019,Maintenance
66,Sedan,Amaze,DL52BN5316,Petrol,5,2018,Active
67,Sedan,Dzire,GJ99VZ4833,CNG,5,2023,Maintenance
68,Mini,Tiago,KA28QW7480,Petrol,4,2022,Active
69,Mini,WagonR,MH86MM5004,CNG,4,2015,Active
70,Bike,Activa,GJ86ZH4334,Electric,2,2016,Active
71,Sedan,City,KA02AS3361,Diesel,5,2020,Active
72,Bike,Activa,DL56LX5820,Petrol,2,2019,Active
73,Bike,Ntorq,MH62UP1629,Petrol,2,2024,Maintenance
74,SUV,Scorpio,DL04IA9078,Diesel,6,2021,Maintenance
75,Mini,WagonR,KA18MJ1821,Electric,4,2025,Active
76,Bike,Activa,KA90SJ5405,Petrol,2,2017,Active
77,Sedan,Dzire,MH01QE7709,Petrol,5,2020,Active
78,SUV,Brezza,GJ06OZ4090,Diesel,7,2018,Active
79,Mini,WagonR,MH32JF5831,Electric,4,2017,Active
80,Mini,Alto,GJ89KI7373,CNG,4,2020,Inactive
81,Sedan,Amaze,GJ11WE6859,Petrol,5,2020,Active
82,Mini,WagonR,MH60VU8957,Electric,4,2024,Active
83,Bike,Activa,GJ43RM7943,Petrol,2,2023,Active
84,Sedan,Amaze,MH97XD4060,Petrol,5,2021,Active
85,Mini,WagonR,KA81PR7688,Petrol,4,2017,Active
86,SUV,Brezza,GJ57VO9937,Petrol,7,2018,Inactive
87,SUV,Scorpio,GJ99GT4662,Petrol,6,2023,Active
88,Sedan,City,DL63IP9277,CNG,5,2025,Active
89,Bike,Splendor,KA87CY7073,Petrol,2,2024,Active
90,Bike,Splendor,GJ45DC9548,Electric,2,2022,Active
91,SUV,Brezza,KA81UU6555,Diesel,7,2024,Active
92,Mini,Alto,GJ70EJ9353,CNG,4,2020,Active
93,Mini,Alto,DL24MO4925,Petrol,4,2022,Active
94,Bike,Activa,MH13LI3171,Electric,2,2022,Active
95,Sedan,Amaze,MH20NB2615,Petrol,5,2021,Active
96,Sedan,Dzire,MH24OS6796,Diesel,5,2017,Active
97,Sedan,City,MH27LC3008,Diesel,5,2015,Active
98,SUV,Creta,KA05UO7878,Petrol,7,2015,Active
99,SUV,Creta,GJ55DF7348,Diesel,7,2022,Active
100,Mini,Tiago,GJ38WT6409,Petrol,4,2024,Inactive
101,SUV,Creta,GJ72WG3547,Diesel,7,2022,Active
102,Sedan,Amaze,DL29PN9187,Petrol,5,2016,Active
103,Sedan,City,DL87CU4983,Petrol,5,2024,Active
104,SUV,Brezza,DL85HN6465,Petrol,6,2017,Active
105,Bike,Splendor,DL05RK7948,Electric,2,2024,Active
106,Bike,Activa,KA92KK9516,Electric,2,2019,Active
107,Mini,Tiago,GJ61IG7044,CNG,4,2024,Maintenance
108,Mini,WagonR,MH53LY6780,CNG,4,2024,Active
109,Bike,Splendor,GJ54RZ1135,Electric,2,2023,Active
110,Bike,Ntorq,MH52NC8957,Petrol,2,2022,Inactive
111,SUV,Creta,DL10UD8122,Petrol,6,2020,Active
112,SUV,Brezza,DL47RH5485,Petrol,6,2016,Active
113,Sedan,City,MH41RZ1551,Diesel,5,2020,Active
114,Sedan,City,DL52HM1265,CNG,5,2024,Active
115,SUV,Creta,MH98VO2912,Petrol,6,2022,Active
116,Bike,Activa,DL29IU9215,Petrol,2,2015,Inactive
117,SUV,Creta,KA60UL7639,Diesel,7,2015,Active
118,Sedan,Dzire,GJ99FL2572,Petrol,5,2023,Active
119,Bike,Splendor,GJ15PA6517,Electric,2,2023,Active
120,Mini,Alto,MH28JL6877,Electric,4,2019,Active
121,SUV,Creta,MH46RD9782,Petrol,6,2025,Active
122,Sedan,Amaze,DL12WM4549,Petrol,5,2019,Active
123,Mini,Tiago,DL10OJ5554,CNG,4,2023,Active
124,SUV,Brezza,DL72GE3224,Petrol,6,2024,Inactive
125,SUV,Brezza,MH86TW6856,Petrol,6,2022,Inactive
126,Sedan,City,MH29RG7724,Petrol,5,2020,Active
127,SUV,Scorpio,MH01FQ5824,Petrol,6,2016,Active
128,Mini,WagonR,KA14IH4355,Petrol,4,2019,Active
129,Mini,WagonR,MH29CK4242,Petrol,4,2018,Inactive
130,Bike,Splendor,KA66NW3165,Petrol,2,2021,Maintenance
131,Mini,WagonR,GJ27KS1383,Electric,4,2017,Active
132,SUV,Scorpio,GJ41OF1567,Diesel,6,2020,Inactive
133,SUV,Scorpio,DL04QH1389,Diesel,7,2023,Inactive
134,Mini,Alto,KA87VW7561,Electric,4,2020,Active
135,SUV,Creta,GJ21FY7542,Petrol,7,2016,Active
136,Sedan,Dzire,KA07BT8594,Petrol,5,2015,Active
137,Mini,WagonR,KA26JD2260,Electric,4,2019,Active
138,SUV,Creta,MH98DF7522,Petrol,6,2023,Active
139,Mini,WagonR,KA60UM4335,Petrol,4,2018,Maintenance
140,Mini,Alto,DL90RA7541,Petrol,4,2017,Maintenance
141,Sedan,City,MH34YC6433,CNG,5,2017,Active
142,Bike,Activa,MH64YT2924,Petrol,2,2025,Active
143,SUV,Creta,KA16XL7593,Petrol,7,2021,Active
144,Sedan,Dzire,KA42WG6483,CNG,5,2022,Maintenance
145,Sedan,City,DL15XZ8720,CNG,5,2024,Active
146,Bike,Activa,DL48NY4776,Petrol,2,2017,Active
147,SUV,Brezza,MH22WL7002,Diesel,7,2021,Active
148,SUV,Creta,GJ42LB3196,Petrol,6,2021,Active
149,Sedan,Dzire,MH10UC6825,Diesel,5,2017,Active
150,Sedan,City,KA72QU2910,Diesel,5,2025,Active
151,Sedan,Dzire,GJ40FL9942,CNG,5,2018,Active
152,Sedan,City,DL13PH4432,CNG,5,2019,Active
153,Bike,Activa,DL14IT6211,Petrol,2,2019,Active
154,Bike,Ntorq,DL09HQ5644,Electric,2,2018,Maintenance
155,SUV,Brezza,DL70NC2110,Petrol,7,2020,Active
156,Mini,WagonR,MH63QT7304,Electric,4,2020,Active
157,Bike,Activa,MH17OV9073,Petrol,2,2022,Inactive
158,Bike,Splendor,MH12GH3662,Electric,2,2016,Active
159,Sedan,Dzire,GJ27TH7073,CNG,5,2024,Active
160,Sedan,City,KA82LE1702,Petrol,5,2019,Active
161,Mini,WagonR,GJ40NK1347,Petrol,4,2016,Maintenance
162,SUV,Creta,KA93OH1982,Diesel,7,2021,Active
163,Sedan,City,GJ96GS4554,Petrol,5,2022,Active
164,Bike,Activa,MH63XP7796,Petrol,2,2017,Active
165,SUV,Brezza,KA95UD6332,Petrol,7,2021,Active
166,SUV,Creta,MH63UP7418,Petrol,6,2025,Active
167,Sedan,City,KA21QS4273,Petrol,5,2016,Maintenance
168,Sedan,City,MH27JF3230,Diesel,5,2016,Active
169,Bike,Activa,DL81JX9870,Petrol,2,2015,Maintenance
170,Mini,Alto,GJ94ML1894,Petrol,4,2024,Active
171,Sedan,City,DL32VB2555,Petrol,5,2023,Active
172,Sedan,Dzire,DL53CN4721,Diesel,5,2017,Active
173,Mini,WagonR,KA62OZ9551,Petrol,4,2016,Active
174,Mini,Alto,GJ05TK2607,Electric,4,2017,Active
175,Mini,WagonR,DL84PW1906,Petrol,4,2024,Active
176,Bike,Activa,MH22HF1828,Petrol,2,2025,Active
177,SUV,Creta,MH42WK4750,Diesel,6,2024,Active
178,SUV,Brezza,GJ46KW3713,Petrol,7,2018,Active
179,Mini,Tiago,KA04GV6708,Petrol,4,2016,Active
180,Mini,Tiago,GJ24ME1782,Electric,4,2018,Inactive
181,Bike,Ntorq,KA46YN8597,Petrol,2,2023,Active
182,Bike,Ntorq,DL01ZZ7709,Electric,2,2020,Active
183,Bike,Ntorq,DL99HH5951,Electric,2,2019,Active
184,Sedan,City,DL06VY2617,Diesel,5,2015,Inactive
185,SUV,Scorpio,GJ73GF5739,Petrol,7,2021,Active
186,SUV,Scorpio,GJ35HA3752,Diesel,6,2022,Inactive
187,SUV,Scorpio,MH86JM7822,Petrol,6,2024,Active
188,Bike,Splendor,GJ02FM7029,Petrol,2,2020,Active
189,Bike,Splendor,KA82KQ1946,Electric,2,2016,Active
190,Sedan,Dzire,DL16RU1437,Diesel,5,2019,Active
191,Bike,Ntorq,MH26IO9988,Electric,2,2016,Active
192,Bike,Activa,DL22HA3633,Petrol,2,2021,Active
193,SUV,Scorpio,KA41DT5802,Petrol,6,2022,Active
194,Bike,Splendor,GJ01TW4020,Electric,2,2025,Active
195,Sedan,Amaze,MH44LZ9045,CNG,5,2021,Active
196,Sedan,Dzire,GJ83PU2440,Petrol,5,2023,Active
197,Bike,Activa,KA34PT4459,Petrol,2,2016,Active
198,Bike,Ntorq,GJ45KI6032,Petrol,2,2017,Active
199,SUV,Scorpio,DL52YM2223,Petrol,7,2023,Active
200,Mini,WagonR,GJ66AK6985,Petrol,4,2021,Active
201,Sedan,Dzire,MH52ZO9279,CNG,5,2015,Active
202,Mini,Alto,MH65UY4011,CNG,4,2016,Active
203,Mini,WagonR,MH53TM6705,Petrol,4,2023,Active
204,Bike,Activa,KA30RE4611,Electric,2,2015,Active
205,Mini,Alto,DL38JP3152,CNG,4,2020,Active
206,Mini,Tiago,DL09RJ2534,Electric,4,2020,Active
207,SUV,Scorpio,MH79IK8565,Petrol,7,2020,Active
208,Sedan,Amaze,GJ90OP2008,Petrol,5,2016,Active
209,SUV,Scorpio,KA35LC5049,Diesel,6,2023,Active
210,Mini,Tiago,GJ34WB5148,Electric,4,2015,Maintenance
211,Sedan,Dzire,DL70LY8811,CNG,5,2019,Active
212,SUV,Creta,KA98XK7391,Diesel,7,2019,Active
213,Sedan,Amaze,DL45UI9081,Petrol,5,2019,Inactive
214,Bike,Ntorq,DL84AM4816,Electric,2,2018,Active
215,Mini,Alto,GJ09NU8391,CNG,4,2017,Active
216,Bike,Ntorq,DL72ND8949,Electric,2,2019,Active
217,Sedan,City,GJ42KR4835,CNG,5,2016,Active
218,Sedan,City,DL51SX7465,Diesel,5,2016,Active
219,SUV,Creta,KA63FO9077,Petrol,7,2025,Active
220,SUV,Creta,DL69CS3646,Diesel,7,2015,Active
221,SUV,Scorpio,DL38TL7000,Petrol,6,2024,Maintenance
222,Bike,Activa,MH08QX4303,Petrol,2,2020,Active
223,Sedan,City,KA56HF6965,CNG,5,2016,Active
224,SUV,Scorpio,MH66IC6720,Petrol,7,2016,Inactive
225,Sedan,City,GJ34RN8698,CNG,5,2022,Active
226,Bike,Splendor,KA51DN4149,Petrol,2,2019,Active
227,Mini,WagonR,GJ78SF2803,CNG,4,2018,Active
228,SUV,Creta,KA93FG5821,Petrol,6,2017,Active
229,Sedan,City,KA51DQ3772,Petrol,5,2017,Active
230,SUV,Scorpio,KA30JX8232,Diesel,7,2021,Active
231,SUV,Creta,MH59NN7551,Diesel,7,2015,Active
232,Bike,Splendor,GJ05DL2268,Petrol,2,2018,Maintenance
233,SUV,Brezza,KA08GY5046,Petrol,7,2021,Active
234,SUV,Brezza,KA53XH5512,Petrol,6,2024,Active
235,Sedan,City,KA08IT5382,Diesel,5,2015,Active
236,Bike,Activa,DL66TJ3975,Petrol,2,2023,Maintenance
237,Sedan,City,DL88FD9593,CNG,5,2023,Active
238,SUV,Brezza,KA10NV8916,Petrol,6,2021,Active
239,Mini,WagonR,KA55DA3037,Petrol,4,2024,Active
240,SUV,Scorpio,KA60VJ3359,Petrol,7,2019,Active
241,SUV,Scorpio,GJ62UI3690,Diesel,7,2023,Active
242,Bike,Splendor,DL81JS5729,Petrol,2,2022,Active
243,Sedan,Amaze,DL57KX3039,CNG,5,2017,Active
244,SUV,Creta,DL41JD5786,Diesel,7,2020,Inactive
245,Bike,Splendor,MH86EC4013,Electric,2,2022,Inactive
246,Bike,Splendor,GJ14GR8280,Petrol,2,2016,Active
247,Sedan,Dzire,KA46FY6627,Diesel,5,2018,Active
248,Bike,Splendor,MH23KS5337,Electric,2,2021,Active
249,SUV,Brezza,MH54LS5586,Diesel,6,2024,Active
250,Bike,Splendor,GJ44RL9988,Petrol,2,2017,Active
251,Sedan,Amaze,KA45BC5561,Petrol,5,2016,Active
252,Mini,Tiago,GJ12UK6448,Petrol,4,2024,Active
253,Mini,WagonR,MH57EV4475,Electric,4,2024,Active
254,Bike,Ntorq,DL44GH7658,Electric,2,2015,Active
255,Bike,Ntorq,MH74DB5497,Petrol,2,2020,Active
256,Sedan,Dzire,MH92JO9042,CNG,5,2022,Active
257,Mini,Alto,KA02RR8346,Electric,4,2016,Active
258,SUV,Scorpio,DL73YP7459,Petrol,7,2024,Active
259,Bike,Ntorq,DL63PB1007,Petrol,2,2022,Active
260,Bike,Splendor,GJ24OZ5045,Petrol,2,2021,Inactive
261,SUV,Creta,GJ54CK3814,Diesel,6,2016,Active
262,Sedan,Amaze,KA12VS6978,Diesel,5,2025,Active
263,Mini,WagonR,KA38MK6475,Electric,4,2016,Active
264,SUV,Creta,DL62MN1285,Diesel,6,2024,Active
265,Mini,Tiago,KA35AZ6999,Electric,4,2019,Inactive
266,Bike,Ntorq,GJ18RS1412,Petrol,2,2017,Inactive
267,Bike,Splendor,GJ13FE1438,Electric,2,2016,Active
268,Mini,WagonR,GJ95US9979,Petrol,4,2016,Active
269,Mini,Tiago,DL34JM4190,Electric,4,2020,Inactive
270,Bike,Splendor,MH68IZ5135,Petrol,2,2015,Maintenance
271,Mini,Alto,GJ92TX5873,CNG,4,2020,Active
272,Mini,WagonR,GJ03VO9051,CNG,4,2018,Active
273,Bike,Splendor,DL70MH2603,Petrol,2,2025,Active
274,Mini,Tiago,DL59JI3031,Petrol,4,2017,Active
275,Sedan,Dzire,DL80WT1050,CNG,5,2022,Inactive
276,Bike,Activa,GJ85ZT1106,Electric,2,2023,Active
277,SUV,Brezza,GJ59YW3908,Petrol,7,2017,Active
278,SUV,Scorpio,DL65OL5344,Petrol,7,2016,Maintenance
279,Sedan,City,MH32IN3692,Petrol,5,2025,Active
280,Bike,Activa,DL23IC6631,Petrol,2,2025,Active
281,Bike,Splendor,KA87LK7662,Petrol,2,2024,Active
282,Bike,Activa,MH32BP3365,Petrol,2,2019,Active
283,Bike,Activa,KA04SB2550,Electric,2,2015,Active
284,Mini,Tiago,DL45RD6437,CNG,4,2019,Active
285,Sedan,City,DL36XI4642,Petrol,5,2015,Active
286,Bike,Splendor,KA42NS4351,Petrol,2,2025,Active
287,Sedan,Amaze,DL23HA8226,Petrol,5,2023,Active
288,Sedan,Dzire,KA21TD7176,CNG,5,2022,Active
289,Mini,Tiago,KA03LP7540,Electric,4,2015,Maintenance
290,Mini,Alto,KA10DL1112,Petrol,4,2022,Maintenance
291,Bike,Activa,DL47SD7177,Petrol,2,2024,Inactive
292,Sedan,Dzire,MH56QP2539,Diesel,5,2017,Active
293,Mini,WagonR,KA96AF6715,Petrol,4,2018,Inactive
294,Mini,Alto,MH27FS9029,CNG,4,2022,Active
295,Sedan,City,MH54PC2310,CNG,5,2022,Active
296,SUV,Scorpio,GJ87IO5500,Petrol,6,2015,Active
297,SUV,Brezza,GJ29WB4502,Diesel,6,2025,Active
298,Sedan,City,GJ04OW9086,Diesel,5,2023,Active
299,Bike,Ntorq,DL92KA1856,Petrol,2,2022,Active
300,Sedan,Dzire,KA55SY5237,CNG,5,2017,Inactive
301,SUV,Creta,GJ80SO2013,Diesel,7,2021,Active
302,Sedan,Amaze,KA72DV5892,Diesel,5,2021,Inactive
303,SUV,Brezza,KA75VH7053,Petrol,6,2016,Active
304,Sedan,Amaze,GJ06AN2588,Diesel,5,2017,Active
305,Bike,Activa,DL03EP1886,Petrol,2,2015,Maintenance
306,SUV,Scorpio,DL49MV3082,Diesel,6,2023,Active
307,Sedan,Amaze,GJ89JY8429,Diesel,5,2015,Active
308,Bike,Ntorq,MH73TN2600,Electric,2,2018,Active
309,Sedan,City,KA54TY7512,Diesel,5,2022,Active
310,Mini,WagonR,GJ56TU1160,Petrol,4,2017,Maintenance
311,SUV,Scorpio,GJ42AV7770,Diesel,6,2015,Active
312,Sedan,City,GJ40JU7732,Diesel,5,2022,Active
313,Bike,Activa,GJ84OJ6925,Petrol,2,2020,Active
314,Mini,Tiago,MH61WN3406,CNG,4,2024,Active
315,Mini,Alto,DL38SP6315,CNG,4,2015,Active
316,SUV,Scorpio,KA78CL3882,Diesel,6,2017,Inactive
317,Sedan,Dzire,MH59KX6993,Diesel,5,2023,Active
318,SUV,Scorpio,GJ10VQ6948,Diesel,7,2021,Active
319,Bike,Activa,KA88KH9235,Electric,2,2021,Active
320,Bike,Ntorq,GJ43PE9642,Petrol,2,2015,Maintenance
321,Mini,WagonR,MH28UM5232,Petrol,4,2017,Active
322,Bike,Splendor,DL06IO3654,Petrol,2,2017,Active
323,Mini,Tiago,DL13QS5887,Petrol,4,2017,Active
324,Bike,Ntorq,MH76MY3373,Electric,2,2019,Active
325,Sedan,City,DL38OK5158,Diesel,5,2020,Active
326,Bike,Ntorq,KA43TT6062,Petrol,2,2021,Active
327,Bike,Activa,GJ02IB8193,Petrol,2,2015,Active
328,SUV,Brezza,MH55WM4919,Petrol,7,2016,Active
329,Mini,Tiago,MH02UY8077,Petrol,4,2016,Active
330,Bike,Splendor,MH65MB5774,Electric,2,2024,Active
331,Sedan,Dzire,GJ17NX8157,Petrol,5,2017,Active
332,Sedan,Dzire,MH80UZ1848,Diesel,5,2019,Active
333,Mini,WagonR,MH20GI8774,Electric,4,2021,Active
334,Sedan,Amaze,DL82MH6067,Diesel,5,2024,Active
335,Sedan,Amaze,GJ83BE5883,CNG,5,2019,Active
336,SUV,Creta,GJ46DC6594,Petrol,6,2023,Active
337,Mini,Tiago,KA93ZW4263,CNG,4,2023,Active
338,Sedan,City,GJ45NC2135,CNG,5,2022,Active
339,Mini,WagonR,KA56PV5083,CNG,4,2015,Active
340,Bike,Splendor,KA99GS7743,Electric,2,2020,Active
341,Bike,Splendor,DL95PW4961,Electric,2,2022,Active
342,Sedan,City,KA29BD8458,Petrol,5,2023,Maintenance
343,SUV,Scorpio,MH78PW9768,Petrol,6,2017,Active
344,Bike,Splendor,MH22HY3509,Petrol,2,2021,Active
345,Bike,Splendor,GJ93AO6946,Electric,2,2021,Active
346,Sedan,Amaze,MH96DL6498,Diesel,5,2019,Active
347,Mini,Alto,DL92VK7627,Petrol,4,2019,Active
348,SUV,Brezza,KA05QG6304,Petrol,7,2023,Active
349,Sedan,Dzire,DL54LG1249,Petrol,5,2021,Active
350,Sedan,City,GJ94XS9906,CNG,5,2019,Active
351,Sedan,Dzire,GJ06GH1634,Diesel,5,2015,Active
352,Bike,Activa,MH83IQ5373,Petrol,2,2020,Inactive
353,SUV,Creta,DL10EK2953,Petrol,6,2016,Active
354,SUV,Creta,DL32WX6454,Diesel,7,2023,Active
355,Bike,Splendor,KA96HJ2751,Petrol,2,2015,Active
356,Mini,Tiago,MH72AW8488,Electric,4,2018,Active
357,SUV,Scorpio,KA16ZB8390,Diesel,6,2025,Inactive
358,Mini,Tiago,MH34BR2064,Electric,4,2020,Maintenance
359,Mini,Alto,GJ06QZ4882,Petrol,4,2015,Active
360,SUV,Scorpio,DL85CL8037,Petrol,6,2015,Active
361,Sedan,Amaze,DL98NE1372,Diesel,5,2024,Active
362,Mini,Alto,GJ65NE7388,Electric,4,2019,Active
363,Mini,Alto,GJ56KK1825,CNG,4,2019,Active
364,Sedan,Dzire,MH04WC6703,Petrol,5,2020,Active
365,Sedan,Dzire,GJ79ZV1729,Petrol,5,2015,Maintenance
366,Sedan,Dzire,DL64YY4773,Diesel,5,2024,Inactive
367,Bike,Activa,GJ27OW5556,Electric,2,2021,Active
368,SUV,Scorpio,GJ61QS5913,Petrol,7,2018,Inactive
369,Mini,WagonR,GJ23CE1348,CNG,4,2022,Active
370,Sedan,Amaze,GJ78DZ2356,Petrol,5,2020,Active
371,SUV,Creta,DL09GV4749,Diesel,6,2023,Active
372,Sedan,Amaze,KA75IX3238,CNG,5,2024,Active
373,Bike,Activa,DL13WA8435,Petrol,2,2020,Active
374,Mini,WagonR,DL08YC6713,CNG,4,2024,Active
375,SUV,Brezza,KA35ES4961,Diesel,7,2021,Active
376,Bike,Ntorq,GJ08PV2426,Electric,2,2024,Active
377,Sedan,Dzire,KA87NT4928,CNG,5,2016,Inactive
378,Bike,Splendor,KA01GP3531,Petrol,2,2016,Active
379,Mini,Alto,MH24JT2511,Electric,4,2015,Active
380,Mini,Tiago,DL72ZR1699,Petrol,4,2015,Active
381,SUV,Creta,DL92LL3345,Diesel,7,2022,Active
382,Sedan,City,DL03GK4405,Petrol,5,2018,Maintenance
383,Sedan,Dzire,KA74JW4186,CNG,5,2016,Maintenance
384,Sedan,Amaze,GJ83UB6560,Petrol,5,2021,Active
385,Mini,Tiago,GJ02DL7124,Electric,4,2017,Maintenance
386,Sedan,Amaze,DL67PB8828,Petrol,5,2022,Inactive
387,Mini,WagonR,DL90QO6482,CNG,4,2018,Maintenance
388,Mini,Alto,MH75ZT9895,Petrol,4,2024,Active
389,SUV,Creta,DL03EK6696,Diesel,7,2018,Active
390,Bike,Ntorq,GJ78SN6593,Electric,2,2019,Active
391,Bike,Ntorq,DL74RZ7497,Electric,2,2023,Active
392,Mini,Alto,KA04GP6915,Petrol,4,2021,Active
393,Mini,Alto,MH78CI1064,Petrol,4,2025,Active
394,Mini,Alto,KA03ST6486,Petrol,4,2016,Active
395,SUV,Creta,MH05PU2191,Diesel,6,2022,Active
396,Bike,Splendor,GJ29GR1792,Electric,2,2024,Active
397,SUV,Scorpio,GJ73PD3413,Petrol,6,2025,Active
398,Sedan,City,DL66IH3262,CNG,5,2017,Active
399,Bike,Activa,DL62MK8567,Petrol,2,2021,Active
400,SUV,Scorpio,GJ64TJ2102,Petrol,7,2016,Active
401,Bike,Splendor,DL68UN1365,Petrol,2,2023,Active
402,SUV,Scorpio,KA53RA2614,Diesel,6,2024,Active
403,Bike,Ntorq,MH14AY7584,Petrol,2,2015,Active
404,Mini,Tiago,DL57SP8062,Electric,4,2023,Active
405,Bike,Splendor,MH63UL9806,Petrol,2,2016,Active
406,Mini,Tiago,GJ86AZ3519,CNG,4,2019,Maintenance
407,Sedan,Amaze,MH57SI4102,Petrol,5,2019,Active
408,Mini,Alto,MH50YL8167,Electric,4,2016,Active
409,SUV,Scorpio,KA75OS3961,Diesel,7,2016,Active
410,SUV,Creta,DL56JE1814,Diesel,7,2017,Active
411,SUV,Brezza,KA88RM5866,Petrol,6,2022,Active
412,Sedan,Amaze,MH53RW7022,Petrol,5,2020,Maintenance
413,Sedan,City,KA32QZ5283,Petrol,5,2024,Active
414,Sedan,Amaze,DL31QT9451,Diesel,5,2025,Inactive
415,SUV,Scorpio,KA57PZ2140,Petrol,6,2025,Active
416,Sedan,Amaze,GJ75UT4384,Diesel,5,2021,Active
417,SUV,Scorpio,KA34IL4910,Diesel,7,2019,Inactive
418,SUV,Scorpio,MH27GB5477,Diesel,6,2020,Maintenance
419,SUV,Brezza,KA73MU1060,Petrol,7,2017,Active
420,Sedan,City,GJ38DV1244,CNG,5,2020,Active
421,Bike,Activa,GJ28UE7518,Petrol,2,2019,Active
422,Sedan,Amaze,MH25PU1555,Petrol,5,2025,Active
423,SUV,Creta,DL88PH5567,Diesel,7,2021,Active
424,Bike,Activa,DL60BH4599,Petrol,2,2023,Active
425,Bike,Splendor,KA35UG9057,Petrol,2,2020,Active
426,SUV,Brezza,GJ97AG7487,Petrol,7,2015,Active
427,Bike,Splendor,GJ55TW7397,Electric,2,2020,Active
428,Sedan,Dzire,KA75ZZ7774,Petrol,5,2016,Active
429,Bike,Activa,DL50QC7527,Petrol,2,2020,Active
430,Sedan,City,GJ10DA5451,Diesel,5,2018,Inactive
431,SUV,Brezza,MH29EM9318,Petrol,7,2022,Maintenance
432,Sedan,Dzire,GJ20UF7840,CNG,5,2015,Active
433,Bike,Splendor,MH06JT1421,Electric,2,2018,Active
434,Bike,Activa,GJ60VY5108,Petrol,2,2017,Active
435,SUV,Scorpio,MH10TG5160,Diesel,7,2024,Active
436,Sedan,City,KA30PC6614,Diesel,5,2022,Inactive
437,Mini,Alto,DL88WD5735,Petrol,4,2021,Inactive
438,Mini,WagonR,DL61LE6510,Electric,4,2025,Active
439,Sedan,Dzire,GJ89SZ2558,CNG,5,2022,Active
440,Mini,WagonR,GJ16TR1500,Electric,4,2019,Active
441,Bike,Activa,MH58TN1746,Petrol,2,2022,Active
442,SUV,Brezza,KA82YO7966,Diesel,6,2015,Inactive
443,Sedan,Dzire,KA67UM7318,Diesel,5,2016,Active
444,Mini,Tiago,DL03PC3668,Petrol,4,2022,Active
445,Sedan,Dzire,KA93CD6366,Diesel,5,2015,Active
446,Bike,Ntorq,KA96QP8546,Electric,2,2025,Active
447,SUV,Brezza,GJ94TL2256,Diesel,6,2017,Active
448,Mini,Tiago,MH54DY1659,Petrol,4,2017,Active
449,Sedan,Dzire,MH05CW2110,Diesel,5,2017,Active
450,SUV,Creta,KA46KH9941,Diesel,7,2018,Active
451,Mini,Tiago,MH50LF2355,Petrol,4,2024,Inactive
452,Bike,Ntorq,MH61XU2474,Electric,2,2018,Active
453,SUV,Scorpio,MH74KE6285,Petrol,6,2015,Active
454,Bike,Ntorq,MH97BU1558,Electric,2,2017,Active
455,Mini,WagonR,GJ90FM2991,Electric,4,2016,Maintenance
456,SUV,Creta,MH42DV3506,Petrol,7,2020,Maintenance
457,Bike,Ntorq,GJ51TW9322,Petrol,2,2022,Active
458,Sedan,Dzire,GJ28OR2051,Diesel,5,2022,Inactive
459,SUV,Scorpio,GJ72XI9126,Petrol,6,2015,Active
460,Sedan,Dzire,GJ68MC7331,Petrol,5,2023,Active
461,Mini,Alto,GJ33YJ2024,Petrol,4,2021,Maintenance
462,SUV,Creta,MH78HD1855,Petrol,7,2017,Active
463,Mini,Tiago,KA93VK4383,CNG,4,2025,Active
464,Bike,Splendor,KA84YV4139,Electric,2,2021,Active
465,Mini,Alto,KA04OB7295,CNG,4,2020,Inactive
466,Sedan,Dzire,DL87NX6997,CNG,5,2021,Active
467,Sedan,Amaze,DL80HF6050,Diesel,5,2017,Active
468,Bike,Activa,DL70ZA8742,Petrol,2,2015,Active
469,Sedan,City,MH23CL7177,CNG,5,2021,Active
470,Sedan,Dzire,DL99QX1482,Diesel,5,2025,Maintenance
471,Mini,Alto,DL32MJ1733,Electric,4,2022,Active
472,Sedan,City,DL66AQ5350,Petrol,5,2019,Active
473,Bike,Splendor,GJ33WQ2094,Electric,2,2024,Active
474,Sedan,Dzire,DL11JP7141,Diesel,5,2018,Active
475,Bike,Activa,GJ75HF5638,Electric,2,2021,Active
476,SUV,Scorpio,MH29XC7750,Diesel,6,2015,Active
477,SUV,Creta,KA85HW4614,Petrol,7,2018,Active
478,Mini,Tiago,DL11QF2981,CNG,4,2020,Active
479,SUV,Scorpio,DL42GO2686,Diesel,7,2019,Active
480,Bike,Splendor,GJ78LD5754,Petrol,2,2019,Maintenance
481,Bike,Ntorq,MH17IT1992,Electric,2,2023,Active
482,Mini,Alto,MH32HG3669,Electric,4,2020,Active
483,Mini,Tiago,GJ84JN9000,Petrol,4,2019,Active
484,Mini,WagonR,DL65UZ5967,CNG,4,2015,Active
485,SUV,Brezza,MH26DO9502,Diesel,7,2020,Inactive
486,SUV,Creta,DL53DZ8045,Diesel,7,2018,Active
487,Sedan,Dzire,GJ01QT5761,CNG,5,2025,Active
488,Sedan,Dzire,MH04FT4931,Petrol,5,2022,Active
489,Bike,Activa,DL92ZV2022,Petrol,2,2018,Active
490,Mini,WagonR,MH67NK5539,Petrol,4,2024,Active
491,Bike,Splendor,MH86EU5923,Electric,2,2015,Active
492,SUV,Brezza,KA51DC3244,Diesel,7,2024,Active
493,SUV,Brezza,MH11CV7746,Petrol,6,2017,Active
494,Mini,WagonR,GJ65CA2601,CNG,4,2024,Inactive
495,Bike,Ntorq,GJ19XK1467,Petrol,2,2020,Active
496,Mini,WagonR,MH47PO4161,Electric,4,2017,Active
497,Sedan,Dzire,GJ31ES5367,Diesel,5,2023,Active
498,Bike,Ntorq,DL34KP6096,Petrol,2,2016,Maintenance
499,Mini,Tiago,KA94UT9604,Petrol,4,2020,Active
500,SUV,Scorpio,MH74RH3062,Diesel,7,2017,Active
501,Bike,Ntorq,DL98IT9987,Petrol,2,2016,Active
502,Bike,Ntorq,MH97FG5387,Electric,2,2018,Active
503,SUV,Scorpio,KA30WV2386,Petrol,6,2015,Active
504,Bike,Ntorq,MH53EY2236,Electric,2,2023,Inactive
505,Bike,Ntorq,DL23LV3415,Petrol,2,2024,Active
506,Bike,Activa,GJ73SS6268,Petrol,2,2019,Active
507,Mini,Tiago,MH57NK1861,CNG,4,2023,Active
508,Mini,Alto,GJ68GY4538,CNG,4,2019,Inactive
509,SUV,Scorpio,GJ73SC9261,Diesel,7,2025,Maintenance
510,Sedan,City,KA12PJ8686,Petrol,5,2015,Active
511,Sedan,City,GJ29NA5735,Diesel,5,2024,Active
512,Bike,Activa,MH41JF3982,Electric,2,2017,Active
513,Bike,Splendor,GJ22UP8586,Electric,2,2017,Active
514,Sedan,City,DL02ZH6125,Petrol,5,2022,Active
515,Bike,Ntorq,DL48KW1303,Electric,2,2017,Active
516,Sedan,Dzire,KA21DH9227,Diesel,5,2020,Maintenance
517,Bike,Ntorq,MH81OE7005,Petrol,2,2019,Maintenance
518,Sedan,Amaze,MH15XQ9663,CNG,5,2016,Maintenance
519,SUV,Brezza,MH30JW3418,Diesel,6,2024,Active
520,Mini,Alto,GJ43ML7210,Electric,4,2021,Inactive
521,Mini,Tiago,GJ35NR5306,Electric,4,2015,Active
522,Sedan,City,MH97GH1066,Petrol,5,2016,Active
523,Mini,WagonR,KA56QN1942,CNG,4,2024,Active
524,Sedan,Amaze,GJ94FV6355,Petrol,5,2023,Active
525,SUV,Creta,KA96UM6692,Diesel,7,2023,Maintenance
526,Mini,Tiago,MH69FN3266,CNG,4,2018,Active
527,Mini,Tiago,GJ22VJ1540,Petrol,4,2025,Active
528,SUV,Scorpio,MH33FC1309,Petrol,6,2015,Active
529,Sedan,City,DL84VV2833,CNG,5,2023,Active
530,Sedan,Amaze,DL72CF5660,Diesel,5,2021,Active
531,Sedan,City,GJ15IC1575,Diesel,5,2020,Active
532,SUV,Creta,KA94VW1874,Petrol,6,2019,Active
533,SUV,Scorpio,MH25DG9038,Diesel,6,2017,Active
534,Sedan,Amaze,MH82IY2367,Petrol,5,2020,Maintenance
535,Mini,Alto,GJ34BW4011,Petrol,4,2015,Maintenance
536,Mini,Alto,DL33WL9155,CNG,4,2016,Active
537,SUV,Creta,DL11HO4684,Petrol,6,2018,Active
538,SUV,Brezza,DL08JF1734,Petrol,7,2017,Active
539,Bike,Ntorq,DL79FM2810,Petrol,2,2022,Active
540,Sedan,Dzire,DL33ST2229,CNG,5,2016,Inactive
541,Mini,Alto,GJ78LI4003,CNG,4,2020,Active
542,SUV,Brezza,MH17ZD7153,Petrol,6,2021,Maintenance
543,Mini,WagonR,GJ91AQ4817,Electric,4,2021,Active
544,Sedan,City,MH27MI2553,Petrol,5,2023,Active
545,Sedan,Amaze,GJ54TW9031,CNG,5,2017,Active
546,Bike,Ntorq,GJ57LW4183,Electric,2,2022,Active
547,Sedan,City,MH43QN4272,Petrol,5,2020,Active
548,Bike,Splendor,GJ96ZN5794,Electric,2,2015,Active
549,SUV,Brezza,DL69UL9487,Diesel,6,2022,Active
550,SUV,Creta,MH20AR6842,Diesel,6,2015,Active
551,Mini,WagonR,GJ07FG1965,CNG,4,2015,Active
552,Sedan,Amaze,DL33JY7421,Petrol,5,2015,Active
553,Sedan,Amaze,GJ66QK8028,CNG,5,2020,Active
554,SUV,Scorpio,KA04GI4175,Diesel,7,2019,Active
555,SUV,Brezza,KA29LQ2937,Diesel,6,2020,Active
556,Mini,WagonR,MH80ON6002,CNG,4,2017,Inactive
557,Bike,Ntorq,GJ58UR6849,Electric,2,2021,Active
558,SUV,Brezza,MH18QY1805,Petrol,6,2015,Active
559,Mini,Tiago,MH99RS6667,Petrol,4,2021,Active
560,Bike,Splendor,KA43QV9736,Electric,2,2015,Active
561,Bike,Splendor,DL84WB9239,Petrol,2,2016,Active
562,Mini,WagonR,MH93XS7653,Petrol,4,2024,Active
563,Bike,Activa,DL46YC3016,Petrol,2,2021,Active
564,Mini,Tiago,DL75GH2569,Electric,4,2016,Active
565,Sedan,City,DL32LI5374,Petrol,5,2015,Maintenance
566,Bike,Activa,MH14JA5355,Electric,2,2020,Active
567,Bike,Ntorq,DL35IA3658,Electric,2,2018,Active
568,Bike,Activa,DL65HP9214,Petrol,2,2015,Active
569,Sedan,Amaze,MH33WI7116,Diesel,5,2016,Inactive
570,Mini,Tiago,KA44OL1062,CNG,4,2021,Inactive
571,SUV,Scorpio,MH74YF9317,Petrol,6,2022,Inactive
572,Bike,Splendor,GJ65EK8194,Electric,2,2015,Active
573,Sedan,City,DL71JO9440,Petrol,5,2016,Active
574,Bike,Activa,MH15UI6816,Petrol,2,2019,Active
575,Sedan,Amaze,KA41OY1203,Petrol,5,2018,Active
576,SUV,Scorpio,MH28IJ2079,Diesel,7,2019,Active
577,Bike,Activa,DL36BU3037,Electric,2,2015,Active
578,Mini,Alto,MH85QN7555,Petrol,4,2016,Active
579,Sedan,Dzire,MH10LT1833,Petrol,5,2024,Active
580,Sedan,Amaze,MH54DG4384,Petrol,5,2019,Active
581,Sedan,Amaze,KA29KK7382,Diesel,5,2019,Maintenance
582,SUV,Brezza,MH38XD4688,Diesel,6,2018,Active
583,Sedan,Amaze,DL46CB7587,CNG,5,2024,Active
584,Bike,Splendor,DL37BQ2160,Electric,2,2023,Active
585,Sedan,City,GJ44VL7811,CNG,5,2022,Active
586,Mini,Alto,DL47JW4084,Electric,4,2024,Active
587,Bike,Activa,MH02ED2085,Petrol,2,2023,Inactive
588,SUV,Brezza,DL21XI9361,Petrol,6,2018,Active
589,Sedan,Dzire,DL26AO6284,Diesel,5,2025,Active
590,Sedan,Amaze,MH40LU2619,CNG,5,2018,Active
591,Bike,Activa,MH26ZU3343,Electric,2,2025,Active
592,Bike,Splendor,MH45PK9093,Petrol,2,2019,Maintenance
593,Mini,Tiago,MH43ZA7357,Petrol,4,2022,Active
594,Sedan,City,GJ29SH1165,Diesel,5,2018,Inactive
595,Bike,Activa,MH32LT5866,Petrol,2,2019,Active
596,SUV,Creta,DL92RY4325,Petrol,6,2018,Active
597,Bike,Splendor,GJ30KQ5591,Petrol,2,2016,Active
598,Bike,Splendor,DL12GU2309,Electric,2,2018,Active
599,SUV,Brezza,KA34TD6296,Diesel,7,2020,Active
600,Bike,Ntorq,DL83YE8380,Electric,2,2015,Active
601,SUV,Creta,DL57SB3095,Petrol,7,2019,Active
602,Mini,Alto,DL72QZ8251,Electric,4,2023,Active
603,Bike,Ntorq,KA77TA4242,Petrol,2,2015,Active
604,Mini,WagonR,DL47WD8355,CNG,4,2018,Active
605,Mini,Alto,DL04JV6970,CNG,4,2017,Active
606,SUV,Brezza,GJ69YN5079,Petrol,6,2023,Active
607,SUV,Brezza,MH92SL1449,Diesel,7,2016,Active
608,Bike,Activa,DL46FI4467,Electric,2,2021,Active
609,Mini,Alto,DL20RI3035,CNG,4,2018,Active
610,SUV,Brezza,GJ81BH8321,Petrol,7,2022,Inactive
611,Bike,Splendor,MH73BU3910,Electric,2,2025,Maintenance
612,Bike,Ntorq,KA59RZ8607,Petrol,2,2017,Active
613,SUV,Scorpio,KA19UZ6565,Petrol,7,2020,Inactive
614,Mini,Alto,GJ67CQ8748,CNG,4,2024,Active
615,Sedan,Amaze,KA59WS6998,CNG,5,2025,Active
616,Bike,Splendor,KA22XZ9786,Electric,2,2015,Active
617,Sedan,Amaze,DL45SL6436,CNG,5,2020,Active
618,SUV,Brezza,KA21JA2867,Diesel,7,2016,Active
619,Bike,Ntorq,MH21BP7925,Electric,2,2020,Active
620,Sedan,Dzire,DL13GC1914,Diesel,5,2015,Active
621,SUV,Brezza,GJ93BJ7950,Diesel,6,2021,Active
622,Bike,Ntorq,DL31CJ6947,Petrol,2,2021,Active
623,Bike,Splendor,DL02YA8254,Electric,2,2025,Active
624,Sedan,Amaze,DL21WZ8789,CNG,5,2021,Active
625,Sedan,Amaze,MH17KC7330,CNG,5,2017,Active
626,Mini,Tiago,GJ28WS5599,CNG,4,2025,Inactive
627,Mini,Alto,KA62BP3330,CNG,4,2021,Active
628,Bike,Splendor,MH64TP3445,Petrol,2,2018,Maintenance
629,Mini,WagonR,MH53NJ7065,CNG,4,2025,Active
630,Sedan,Amaze,GJ99CA4995,Petrol,5,2023,Active
631,Sedan,City,KA40IQ3060,Diesel,5,2024,Maintenance
632,Sedan,City,DL32ED8315,Diesel,5,2021,Active
633,Sedan,Dzire,KA83AC8698,Petrol,5,2020,Active
634,SUV,Scorpio,KA21NI4349,Petrol,7,2025,Active
635,Mini,WagonR,KA32JV8645,Petrol,4,2025,Inactive
636,Sedan,Amaze,KA76CG6952,Petrol,5,2020,Active
637,Sedan,City,MH97ZE7211,CNG,5,2018,Active
638,Mini,Tiago,GJ09ZW4454,CNG,4,2016,Active
639,Bike,Activa,GJ40NS8354,Electric,2,2018,Active
640,Sedan,City,DL60MW4086,Petrol,5,2020,Active
641,SUV,Creta,MH34ND5703,Petrol,6,2016,Inactive
642,Bike,Activa,DL43PT1340,Petrol,2,2015,Active
643,SUV,Creta,DL90FJ9753,Diesel,7,2019,Active
644,SUV,Scorpio,MH99PY3285,Petrol,6,2018,Active
645,SUV,Creta,KA13GA4671,Petrol,7,2022,Active
646,Bike,Splendor,GJ40WX8791,Petrol,2,2023,Inactive
647,Sedan,City,KA18LE2516,Diesel,5,2016,Active
648,Sedan,Amaze,MH73CH2199,CNG,5,2018,Active
649,Sedan,City,KA98VU8149,CNG,5,2025,Active
650,Sedan,Dzire,KA57YJ8827,Petrol,5,2025,Active
651,Sedan,Amaze,MH17GZ4612,Diesel,5,2017,Active
652,SUV,Brezza,MH67JF1977,Diesel,6,2023,Active
653,SUV,Brezza,KA32ST8683,Petrol,7,2021,Active
654,Sedan,Dzire,DL33VE6875,Petrol,5,2021,Active
655,Bike,Activa,DL03IB9183,Petrol,2,2025,Active
656,Sedan,City,DL17MY6610,CNG,5,2018,Active
657,Sedan,Amaze,GJ12AG6122,CNG,5,2022,Active
658,Sedan,Dzire,KA98IC2029,CNG,5,2018,Maintenance
659,Bike,Ntorq,MH27RE9012,Electric,2,2019,Active
660,Sedan,City,GJ10OR3053,Diesel,5,2022,Inactive
661,Sedan,Dzire,MH20CE8291,CNG,5,2019,Active
662,SUV,Brezza,GJ51SS5738,Petrol,6,2018,Maintenance
663,Mini,WagonR,GJ14LB5725,CNG,4,2023,Active
664,Sedan,City,MH52QM9686,Diesel,5,2017,Maintenance
665,Bike,Activa,MH71SJ6690,Petrol,2,2025,Maintenance
666,Bike,Splendor,GJ74DW5340,Petrol,2,2015,Active
667,Sedan,Dzire,DL70WJ9861,CNG,5,2022,Active
668,Bike,Ntorq,DL13LM8368,Petrol,2,2016,Active
669,Mini,WagonR,MH22PO7124,CNG,4,2020,Active
670,Sedan,Dzire,MH26XD3643,Petrol,5,2024,Active
671,Sedan,Dzire,KA34WH4426,Petrol,5,2021,Active
672,Bike,Activa,GJ41AR6006,Electric,2,2025,Active
673,Bike,Ntorq,GJ91IN4565,Petrol,2,2016,Active
674,Mini,Tiago,MH37IH7023,Petrol,4,2024,Active
675,Sedan,City,KA46SI7944,CNG,5,2022,Maintenance
676,Mini,Tiago,DL07DN7123,CNG,4,2019,Active
677,SUV,Brezza,DL82OX9703,Petrol,7,2025,Active
678,Sedan,Dzire,MH78GD5842,Diesel,5,2019,Active
679,Sedan,Amaze,MH82MU2582,CNG,5,2024,Active
680,Bike,Ntorq,GJ71JR5051,Petrol,2,2022,Active
681,Mini,WagonR,MH42SV1964,CNG,4,2020,Active
682,Sedan,City,DL68WH6145,Petrol,5,2022,Active
683,SUV,Brezza,GJ14JX8402,Petrol,7,2025,Active
684,SUV,Brezza,KA69RS7758,Diesel,6,2019,Active
685,Sedan,City,GJ09WB7121,Diesel,5,2015,Active
686,SUV,Brezza,MH73SA9770,Petrol,7,2020,Inactive
687,Mini,Alto,GJ37PZ5643,Electric,4,2015,Active
688,Bike,Splendor,GJ08QR3608,Petrol,2,2019,Active
689,Sedan,City,DL32QJ3921,Diesel,5,2019,Active
690,Sedan,Dzire,DL56WH7926,Diesel,5,2024,Active
691,Sedan,City,KA18OW8929,CNG,5,2025,Active
692,SUV,Scorpio,GJ90PB2603,Petrol,6,2017,Maintenance
693,Sedan,Dzire,DL56YJ1424,Petrol,5,2018,Active
694,SUV,Brezza,GJ81YQ1482,Diesel,6,2017,Active
695,Sedan,Dzire,GJ82QM4587,Petrol,5,2022,Active
696,Mini,Alto,DL89QY8067,Petrol,4,2018,Active
697,Mini,Tiago,GJ31PB9252,Electric,4,2024,Active
698,Sedan,City,KA73PH8366,Petrol,5,2015,Active
699,Sedan,Amaze,DL78KU4758,Petrol,5,2022,Active
700,Sedan,City,MH98BU9063,Petrol,5,2020,Active
701,Mini,WagonR,KA51TR5332,Petrol,4,2016,Active
702,Bike,Splendor,KA82QL7499,Petrol,2,2021,Active
703,Mini,Alto,GJ23ZA4995,CNG,4,2024,Active
704,Bike,Activa,MH88NY5379,Electric,2,2022,Active
705,Mini,WagonR,GJ41MT8945,Electric,4,2015,Active
706,SUV,Brezza,GJ15JH1721,Petrol,7,2018,Active
707,SUV,Creta,GJ30SA1653,Petrol,7,2018,Active
708,Mini,Tiago,MH24VY2627,Petrol,4,2019,Active
709,Sedan,City,MH67HP2311,Diesel,5,2022,Active
710,Sedan,Amaze,GJ92XD7262,Petrol,5,2021,Active
711,Sedan,Amaze,DL34NJ8569,Petrol,5,2018,Inactive
712,Mini,Alto,DL56BJ9434,Petrol,4,2021,Active
713,Mini,Alto,GJ52HA6262,CNG,4,2020,Active
714,Mini,Alto,DL45GA4354,CNG,4,2015,Active
715,Sedan,Amaze,MH50GP9751,CNG,5,2021,Active
716,SUV,Creta,DL37MQ8383,Petrol,7,2024,Inactive
717,Bike,Activa,GJ54JU2083,Petrol,2,2023,Active
718,Bike,Ntorq,MH05NL1059,Petrol,2,2017,Maintenance
719,SUV,Brezza,DL48EJ4118,Diesel,6,2024,Active
720,Sedan,Dzire,MH84AX2580,CNG,5,2019,Active
721,Sedan,Dzire,MH26EH5849,Diesel,5,2025,Active
722,Bike,Ntorq,GJ25QI6248,Electric,2,2025,Active
723,Sedan,Amaze,GJ29HA2726,Petrol,5,2021,Active
724,Sedan,City,KA44JG1827,Petrol,5,2017,Active
725,Bike,Splendor,DL84UR7575,Petrol,2,2025,Active
726,Sedan,Amaze,MH83RN2511,Petrol,5,2019,Maintenance
727,Bike,Splendor,KA32HM2597,Electric,2,2018,Maintenance
728,SUV,Scorpio,DL09NI7208,Diesel,7,2022,Active
729,Sedan,Amaze,DL81OV2926,Diesel,5,2019,Active
730,Sedan,Dzire,DL25ZM7306,Petrol,5,2025,Active
731,Sedan,Amaze,MH22JP9349,Petrol,5,2022,Active
732,Bike,Activa,GJ02PO5295,Electric,2,2025,Active
733,Sedan,City,KA45FM6193,Diesel,5,2023,Active
734,SUV,Scorpio,MH48IY9553,Petrol,6,2019,Active
735,Mini,Tiago,DL85NS7130,Electric,4,2023,Active
736,Sedan,Dzire,DL04NT7351,Petrol,5,2020,Active
737,Mini,Alto,MH39SJ2676,CNG,4,2016,Active
738,SUV,Creta,MH51DA7373,Petrol,7,2016,Maintenance
739,Bike,Activa,MH45OO8478,Electric,2,2021,Active
740,Bike,Ntorq,MH13LP9445,Electric,2,2021,Active
741,Bike,Splendor,MH63JQ9570,Petrol,2,2021,Active
742,Mini,Tiago,KA92GW3370,Petrol,4,2020,Maintenance
743,Sedan,Dzire,DL84VW6430,Petrol,5,2018,Active
744,Sedan,Dzire,MH03WX5075,Diesel,5,2016,Active
745,Bike,Splendor,DL65DK8235,Electric,2,2021,Active
746,Sedan,City,KA90EC7652,Petrol,5,2016,Active
747,SUV,Scorpio,GJ59JG1089,Petrol,7,2022,Active
748,Sedan,Amaze,GJ73ZF7119,CNG,5,2021,Active
749,Mini,Alto,DL24XB2096,CNG,4,2025,Active
750,SUV,Scorpio,KA83IT6769,Diesel,7,2016,Active
751,Mini,WagonR,GJ53JD6508,CNG,4,2016,Active
752,SUV,Scorpio,KA72QE6607,Petrol,7,2017,Active
753,Mini,WagonR,KA33WG6528,Electric,4,2024,Maintenance
754,SUV,Brezza,KA66DU1692,Diesel,6,2016,Active
755,Bike,Splendor,MH51XA1497,Electric,2,2022,Active
756,SUV,Scorpio,GJ04IZ1865,Petrol,7,2023,Active
757,Mini,Alto,DL67AU5376,Electric,4,2015,Active
758,Mini,Alto,MH27KY2949,Electric,4,2023,Active
759,SUV,Scorpio,DL23SU9270,Diesel,6,2017,Inactive
760,SUV,Scorpio,GJ91IW6584,Petrol,7,2025,Active
761,Sedan,Dzire,MH74LP3016,CNG,5,2023,Active
762,SUV,Brezza,DL78HJ2849,Diesel,6,2023,Active
763,Bike,Ntorq,KA28MW9763,Petrol,2,2015,Active
764,Sedan,City,KA04BG8729,CNG,5,2024,Active
765,SUV,Scorpio,GJ51YS1747,Petrol,7,2017,Active
766,Bike,Ntorq,DL85ES7710,Petrol,2,2019,Inactive
767,Mini,WagonR,DL63CV6245,CNG,4,2018,Active
768,SUV,Creta,KA15TQ4955,Petrol,7,2024,Active
769,Mini,Tiago,KA82ZG5936,Electric,4,2019,Active
770,Bike,Activa,GJ68PN5235,Petrol,2,2025,Active
771,Sedan,Dzire,KA30EE3126,Petrol,5,2025,Inactive
772,Sedan,Dzire,MH87EU5556,Petrol,5,2020,Active
773,Bike,Splendor,KA87GS9102,Petrol,2,2016,Active
774,Sedan,Dzire,KA31AH9962,Diesel,5,2024,Active
775,Bike,Ntorq,DL79NS2490,Petrol,2,2022,Active
776,Mini,WagonR,DL03CN9933,CNG,4,2018,Maintenance
777,Mini,Alto,DL87MZ3808,Petrol,4,2023,Active
778,Sedan,City,DL12RF8122,Petrol,5,2018,Active
779,SUV,Scorpio,KA51DO6528,Petrol,6,2023,Active
780,Bike,Splendor,KA44ZI1590,Electric,2,2015,Active
781,Bike,Splendor,DL41QP4975,Petrol,2,2021,Active
782,Mini,WagonR,GJ04HL5758,CNG,4,2025,Inactive
783,Bike,Splendor,KA19WH2165,Electric,2,2015,Active
784,Mini,Tiago,MH66UK6847,Electric,4,2018,Active
785,Bike,Splendor,KA75HW6168,Electric,2,2015,Active
786,Bike,Ntorq,KA95IW2203,Petrol,2,2018,Active
787,Sedan,City,GJ72SZ8514,Petrol,5,2020,Active
788,Bike,Ntorq,MH63TZ5087,Electric,2,2018,Maintenance
789,Mini,Alto,GJ24EU9266,CNG,4,2023,Active
790,SUV,Scorpio,GJ85XQ9691,Petrol,7,2022,Maintenance
791,Mini,Tiago,DL24YT6924,CNG,4,2023,Inactive
792,Mini,Tiago,MH98ZO9671,Petrol,4,2023,Active
793,Bike,Activa,KA85OJ6104,Electric,2,2022,Active
794,Bike,Activa,DL62AT9033,Electric,2,2022,Active
795,Bike,Ntorq,KA77SV2330,Electric,2,2018,Active
796,Bike,Ntorq,GJ97JO1731,Electric,2,2022,Active
797,Mini,Alto,GJ87HW6972,CNG,4,2024,Active
798,Sedan,City,MH75AR4208,Diesel,5,2017,Active
799,Sedan,Amaze,MH49GZ6567,Petrol,5,2019,Inactive
800,SUV,Scorpio,DL70QB3007,Petrol,6,2020,Active
