date,day,month,month_name,quarter,year,week_number,day_name
2020-01-01,1,1,January,1,2020,1,Wednesday
2020-01-02,2,1,January,1,2020,1,Thursday
2020-01-03,3,1,January,1,2020,1,Friday
2020-01-04,4,1,January,1,2020,1,Saturday
2020-01-05,5,1,January,1,2020,1,Sunday
2020-01-06,6,1,January,1,2020,2,Monday
2020-01-07,7,1,January,1,2020,2,Tuesday
2020-01-08,8,1,January,1,2020,2,Wednesday
2020-01-09,9,1,January,1,2020,2,Thursday
2020-01-10,10,1,January,1,2020,2,Friday
2020-01-11,11,1,January,1,2020,2,Saturday
2020-01-12,12,1,January,1,2020,2,Sunday
2020-01-13,13,1,January,1,2020,3,Monday
2020-01-14,14,1,January,1,2020,3,Tuesday
2020-01-15,15,1,January,1,2020,3,Wednesday
2020-01-16,16,1,January,1,2020,3,Thursday
2020-01-17,17,1,January,1,2020,3,Friday
2020-01-18,18,1,January,1,2020,3,Saturday
2020-01-19,19,1,January,1,2020,3,Sunday
2020-01-20,20,1,January,1,2020,4,Monday
2020-01-21,21,1,January,1,2020,4,Tuesday
2020-01-22,22,1,January,1,2020,4,Wednesday
2020-01-23,23,1,January,1,2020,4,Thursday
2020-01-24,24,1,January,1,2020,4,Friday
2020-01-25,25,1,January,1,2020,4,Saturday
2020-01-26,26,1,January,1,2020,4,Sunday
2020-01-27,27,1,January,1,2020,5,Monday
2020-01-28,28,1,January,1,2020,5,Tuesday
2020-01-29,29,1,January,1,2020,5,Wednesday
2020-01-30,30,1,January,1,2020,5,Thursday
2020-01-31,31,1,January,1,2020,5,Friday
2020-02-01,1,2,February,1,2020,5,Saturday
2020-02-02,2,2,February,1,2020,5,Sunday
2020-02-03,3,2,February,1,2020,6,Monday
2020-02-04,4,2,February,1,2020,6,Tuesday
2020-02-05,5,2,February,1,2020,6,Wednesday
2020-02-06,6,2,February,1,2020,6,Thursday
2020-02-07,7,2,February,1,2020,6,Friday
2020-02-08,8,2,February,1,2020,6,Saturday
2020-02-09,9,2,February,1,2020,6,Sunday
2020-02-10,10,2,February,1,2020,7,Monday
2020-02-11,11,2,February,1,2020,7,Tuesday
2020-02-12,12,2,February,1,2020,7,Wednesday
2020-02-13,13,2,February,1,2020,7,Thursday
2020-02-14,14,2,February,1,2020,7,Friday
2020-02-15,15,2,February,1,2020,7,Saturday
2020-02-16,16,2,February,1,2020,7,Sunday
2020-02-17,17,2,February,1,2020,8,Monday
2020-02-18,18,2,February,1,2020,8,Tuesday
2020-02-19,19,2,February,1,2020,8,Wednesday
2020-02-20,20,2,February,1,2020,8,Thursday
2020-02-21,21,2,February,1,2020,8,Friday
2020-02-22,22,2,February,1,2020,8,Saturday
2020-02-23,23,2,February,1,2020,8,Sunday
2020-02-24,24,2,February,1,2020,9,Monday
2020-02-25,25,2,February,1,2020,9,Tuesday
2020-02-26,26,2,February,1,2020,9,Wednesday
2020-02-27,27,2,February,1,2020,9,Thursday
2020-02-28,28,2,February,1,2020,9,Friday
2020-02-29,29,2,February,1,2020,9,Saturday
2020-03-01,1,3,March,1,2020,9,Sunday
2020-03-02,2,3,March,1,2020,10,Monday
2020-03-03,3,3,March,1,2020,10,Tuesday
2020-03-04,4,3,March,1,2020,10,Wednesday
2020-03-05,5,3,March,1,2020,10,Thursday
2020-03-06,6,3,March,1,2020,10,Friday
2020-03-07,7,3,March,1,2020,10,Saturday
2020-03-08,8,3,March,1,2020,10,Sunday
2020-03-09,9,3,March,1,2020,11,Monday
2020-03-10,10,3,March,1,2020,11,Tuesday
2020-03-11,11,3,March,1,2020,11,Wednesday
2020-03-12,12,3,March,1,2020,11,Thursday
2020-03-13,13,3,March,1,2020,11,Friday
2020-03-14,14,3,March,1,2020,11,Saturday
2020-03-15,15,3,March,1,2020,11,Sunday
2020-03-16,16,3,March,1,2020,12,Monday
2020-03-17,17,3,March,1,2020,12,Tuesday
2020-03-18,18,3,March,1,2020,12,Wednesday
2020-03-19,19,3,March,1,2020,12,Thursday
2020-03-20,20,3,March,1,2020,12,Friday
2020-03-21,21,3,March,1,2020,12,Saturday
2020-03-22,22,3,March,1,2020,12,Sunday
2020-03-23,23,3,March,1,2020,13,Monday
2020-03-24,24,3,March,1,2020,13,Tuesday
2020-03-25,25,3,March,1,2020,13,Wednesday
2020-03-26,26,3,March,1,2020,13,Thursday
2020-03-27,27,3,March,1,2020,13,Friday
2020-03-28,28,3,March,1,2020,13,Saturday
2020-03-29,29,3,March,1,2020,13,Sunday
2020-03-30,30,3,March,1,2020,14,Monday
2020-03-31,31,3,March,1,2020,14,Tuesday
2020-04-01,1,4,April,2,2020,14,Wednesday
2020-04-02,2,4,April,2,2020,14,Thursday
2020-04-03,3,4,April,2,2020,14,Friday
2020-04-04,4,4,April,2,2020,14,Saturday
2020-04-05,5,4,April,2,2020,14,Sunday
2020-04-06,6,4,April,2,2020,15,Monday
2020-04-07,7,4,April,2,2020,15,Tuesday
2020-04-08,8,4,April,2,2020,15,Wednesday
2020-04-09,9,4,April,2,2020,15,Thursday
2020-04-10,10,4,April,2,2020,15,Friday
2020-04-11,11,4,April,2,2020,15,Saturday
2020-04-12,12,4,April,2,2020,15,Sunday
2020-04-13,13,4,April,2,2020,16,Monday
2020-04-14,14,4,April,2,2020,16,Tuesday
2020-04-15,15,4,April,2,2020,16,Wednesday
2020-04-16,16,4,April,2,2020,16,Thursday
2020-04-17,17,4,April,2,2020,16,Friday
2020-04-18,18,4,April,2,2020,16,Saturday
2020-04-19,19,4,April,2,2020,16,Sunday
2020-04-20,20,4,April,2,2020,17,Monday
2020-04-21,21,4,April,2,2020,17,Tuesday
2020-04-22,22,4,April,2,2020,17,Wednesday
2020-04-23,23,4,April,2,2020,17,Thursday
2020-04-24,24,4,April,2,2020,17,Friday
2020-04-25,25,4,April,2,2020,17,Saturday
2020-04-26,26,4,April,2,2020,17,Sunday
2020-04-27,27,4,April,2,2020,18,Monday
2020-04-28,28,4,April,2,2020,18,Tuesday
2020-04-29,29,4,April,2,2020,18,Wednesday
2020-04-30,30,4,April,2,2020,18,Thursday
2020-05-01,1,5,May,2,2020,18,Friday
2020-05-02,2,5,May,2,2020,18,Saturday
2020-05-03,3,5,May,2,2020,18,Sunday
2020-05-04,4,5,May,2,2020,19,Monday
2020-05-05,5,5,May,2,2020,19,Tuesday
2020-05-06,6,5,May,2,2020,19,Wednesday
2020-05-07,7,5,May,2,2020,19,Thursday
2020-05-08,8,5,May,2,2020,19,Friday
2020-05-09,9,5,May,2,2020,19,Saturday
2020-05-10,10,5,May,2,2020,19,Sunday
2020-05-11,11,5,May,2,2020,20,Monday
2020-05-12,12,5,May,2,2020,20,Tuesday
2020-05-13,13,5,May,2,2020,20,Wednesday
2020-05-14,14,5,May,2,2020,20,Thursday
2020-05-15,15,5,May,2,2020,20,Friday
2020-05-16,16,5,May,2,2020,20,Saturday
2020-05-17,17,5,May,2,2020,20,Sunday
2020-05-18,18,5,May,2,2020,21,Monday
2020-05-19,19,5,May,2,2020,21,Tuesday
2020-05-20,20,5,May,2,2020,21,Wednesday
2020-05-21,21,5,May,2,2020,21,Thursday
2020-05-22,22,5,May,2,2020,21,Friday
2020-05-23,23,5,May,2,2020,21,Saturday
2020-05-24,24,5,May,2,2020,21,Sunday
2020-05-25,25,5,May,2,2020,22,Monday
2020-05-26,26,5,May,2,2020,22,Tuesday
2020-05-27,27,5,May,2,2020,22,Wednesday
2020-05-28,28,5,May,2,2020,22,Thursday
2020-05-29,29,5,May,2,2020,22,Friday
2020-05-30,30,5,May,2,2020,22,Saturday
2020-05-31,31,5,May,2,2020,22,Sunday
2020-06-01,1,6,June,2,2020,23,Monday
2020-06-02,2,6,June,2,2020,23,Tuesday
2020-06-03,3,6,June,2,2020,23,Wednesday
2020-06-04,4,6,June,2,2020,23,Thursday
2020-06-05,5,6,June,2,2020,23,Friday
2020-06-06,6,6,June,2,2020,23,Saturday
2020-06-07,7,6,June,2,2020,23,Sunday
2020-06-08,8,6,June,2,2020,24,Monday
2020-06-09,9,6,June,2,2020,24,Tuesday
2020-06-10,10,6,June,2,2020,24,Wednesday
2020-06-11,11,6,June,2,2020,24,Thursday
2020-06-12,12,6,June,2,2020,24,Friday
2020-06-13,13,6,June,2,2020,24,Saturday
2020-06-14,14,6,June,2,2020,24,Sunday
2020-06-15,15,6,June,2,2020,25,Monday
2020-06-16,16,6,June,2,2020,25,Tuesday
2020-06-17,17,6,June,2,2020,25,Wednesday
2020-06-18,18,6,June,2,2020,25,Thursday
2020-06-19,19,6,June,2,2020,25,Friday
2020-06-20,20,6,June,2,2020,25,Saturday
2020-06-21,21,6,June,2,2020,25,Sunday
2020-06-22,22,6,June,2,2020,26,Monday
2020-06-23,23,6,June,2,2020,26,Tuesday
2020-06-24,24,6,June,2,2020,26,Wednesday
2020-06-25,25,6,June,2,2020,26,Thursday
2020-06-26,26,6,June,2,2020,26,Friday
2020-06-27,27,6,June,2,2020,26,Saturday
2020-06-28,28,6,June,2,2020,26,Sunday
2020-06-29,29,6,June,2,2020,27,Monday
2020-06-30,30,6,June,2,2020,27,Tuesday
2020-07-01,1,7,July,3,2020,27,Wednesday
2020-07-02,2,7,July,3,2020,27,Thursday
2020-07-03,3,7,July,3,2020,27,Friday
2020-07-04,4,7,July,3,2020,27,Saturday
2020-07-05,5,7,July,3,2020,27,Sunday
2020-07-06,6,7,July,3,2020,28,Monday
2020-07-07,7,7,July,3,2020,28,Tuesday
2020-07-08,8,7,July,3,2020,28,Wednesday
2020-07-09,9,7,July,3,2020,28,Thursday
2020-07-10,10,7,July,3,2020,28,Friday
2020-07-11,11,7,July,3,2020,28,Saturday
2020-07-12,12,7,July,3,2020,28,Sunday
2020-07-13,13,7,July,3,2020,29,Monday
2020-07-14,14,7,July,3,2020,29,Tuesday
2020-07-15,15,7,July,3,2020,29,Wednesday
2020-07-16,16,7,July,3,2020,29,Thursday
2020-07-17,17,7,July,3,2020,29,Friday
2020-07-18,18,7,July,3,2020,29,Saturday
2020-07-19,19,7,July,3,2020,29,Sunday
2020-07-20,20,7,July,3,2020,30,Monday
2020-07-21,21,7,July,3,2020,30,Tuesday
2020-07-22,22,7,July,3,2020,30,Wednesday
2020-07-23,23,7,July,3,2020,30,Thursday
2020-07-24,24,7,July,3,2020,30,Friday
2020-07-25,25,7,July,3,2020,30,Saturday
2020-07-26,26,7,July,3,2020,30,Sunday
2020-07-27,27,7,July,3,2020,31,Monday
2020-07-28,28,7,July,3,2020,31,Tuesday
2020-07-29,29,7,July,3,2020,31,Wednesday
2020-07-30,30,7,July,3,2020,31,Thursday
2020-07-31,31,7,July,3,2020,31,Friday
2020-08-01,1,8,August,3,2020,31,Saturday
2020-08-02,2,8,August,3,2020,31,Sunday
2020-08-03,3,8,August,3,2020,32,Monday
2020-08-04,4,8,August,3,2020,32,Tuesday
2020-08-05,5,8,August,3,2020,32,Wednesday
2020-08-06,6,8,August,3,2020,32,Thursday
2020-08-07,7,8,August,3,2020,32,Friday
2020-08-08,8,8,August,3,2020,32,Saturday
2020-08-09,9,8,August,3,2020,32,Sunday
2020-08-10,10,8,August,3,2020,33,Monday
2020-08-11,11,8,August,3,2020,33,Tuesday
2020-08-12,12,8,August,3,2020,33,Wednesday
2020-08-13,13,8,August,3,2020,33,Thursday
2020-08-14,14,8,August,3,2020,33,Friday
2020-08-15,15,8,August,3,2020,33,Saturday
2020-08-16,16,8,August,3,2020,33,Sunday
2020-08-17,17,8,August,3,2020,34,Monday
2020-08-18,18,8,August,3,2020,34,Tuesday
2020-08-19,19,8,August,3,2020,34,Wednesday
2020-08-20,20,8,August,3,2020,34,Thursday
2020-08-21,21,8,August,3,2020,34,Friday
2020-08-22,22,8,August,3,2020,34,Saturday
2020-08-23,23,8,August,3,2020,34,Sunday
2020-08-24,24,8,August,3,2020,35,Monday
2020-08-25,25,8,August,3,2020,35,Tuesday
2020-08-26,26,8,August,3,2020,35,Wednesday
2020-08-27,27,8,August,3,2020,35,Thursday
2020-08-28,28,8,August,3,2020,35,Friday
2020-08-29,29,8,August,3,2020,35,Saturday
2020-08-30,30,8,August,3,2020,35,Sunday
2020-08-31,31,8,August,3,2020,36,Monday
2020-09-01,1,9,September,3,2020,36,Tuesday
2020-09-02,2,9,September,3,2020,36,Wednesday
2020-09-03,3,9,September,3,2020,36,Thursday
2020-09-04,4,9,September,3,2020,36,Friday
2020-09-05,5,9,September,3,2020,36,Saturday
2020-09-06,6,9,September,3,2020,36,Sunday
2020-09-07,7,9,September,3,2020,37,Monday
2020-09-08,8,9,September,3,2020,37,Tuesday
2020-09-09,9,9,September,3,2020,37,Wednesday
2020-09-10,10,9,September,3,2020,37,Thursday
2020-09-11,11,9,September,3,2020,37,Friday
2020-09-12,12,9,September,3,2020,37,Saturday
2020-09-13,13,9,September,3,2020,37,Sunday
2020-09-14,14,9,September,3,2020,38,Monday
2020-09-15,15,9,September,3,2020,38,Tuesday
2020-09-16,16,9,September,3,2020,38,Wednesday
2020-09-17,17,9,September,3,2020,38,Thursday
2020-09-18,18,9,September,3,2020,38,Friday
2020-09-19,19,9,September,3,2020,38,Saturday
2020-09-20,20,9,September,3,2020,38,Sunday
2020-09-21,21,9,September,3,2020,39,Monday
2020-09-22,22,9,September,3,2020,39,Tuesday
2020-09-23,23,9,September,3,2020,39,Wednesday
2020-09-24,24,9,September,3,2020,39,Thursday
2020-09-25,25,9,September,3,2020,39,Friday
2020-09-26,26,9,September,3,2020,39,Saturday
2020-09-27,27,9,September,3,2020,39,Sunday
2020-09-28,28,9,September,3,2020,40,Monday
2020-09-29,29,9,September,3,2020,40,Tuesday
2020-09-30,30,9,September,3,2020,40,Wednesday
2020-10-01,1,10,October,4,2020,40,Thursday
2020-10-02,2,10,October,4,2020,40,Friday
2020-10-03,3,10,October,4,2020,40,Saturday
2020-10-04,4,10,October,4,2020,40,Sunday
2020-10-05,5,10,October,4,2020,41,Monday
2020-10-06,6,10,October,4,2020,41,Tuesday
2020-10-07,7,10,October,4,2020,41,Wednesday
2020-10-08,8,10,October,4,2020,41,Thursday
2020-10-09,9,10,October,4,2020,41,Friday
2020-10-10,10,10,October,4,2020,41,Saturday
2020-10-11,11,10,October,4,2020,41,Sunday
2020-10-12,12,10,October,4,2020,42,Monday
2020-10-13,13,10,October,4,2020,42,Tuesday
2020-10-14,14,10,October,4,2020,42,Wednesday
2020-10-15,15,10,October,4,2020,42,Thursday
2020-10-16,16,10,October,4,2020,42,Friday
2020-10-17,17,10,October,4,2020,42,Saturday
2020-10-18,18,10,October,4,2020,42,Sunday
2020-10-19,19,10,October,4,2020,43,Monday
2020-10-20,20,10,October,4,2020,43,Tuesday
2020-10-21,21,10,October,4,2020,43,Wednesday
2020-10-22,22,10,October,4,2020,43,Thursday
2020-10-23,23,10,October,4,2020,43,Friday
2020-10-24,24,10,October,4,2020,43,Saturday
2020-10-25,25,10,October,4,2020,43,Sunday
2020-10-26,26,10,October,4,2020,44,Monday
2020-10-27,27,10,October,4,2020,44,Tuesday
2020-10-28,28,10,October,4,2020,44,Wednesday
2020-10-29,29,10,October,4,2020,44,Thursday
2020-10-30,30,10,October,4,2020,44,Friday
2020-10-31,31,10,October,4,2020,44,Saturday
2020-11-01,1,11,November,4,2020,44,Sunday
2020-11-02,2,11,November,4,2020,45,Monday
2020-11-03,3,11,November,4,2020,45,Tuesday
2020-11-04,4,11,November,4,2020,45,Wednesday
2020-11-05,5,11,November,4,2020,45,Thursday
2020-11-06,6,11,November,4,2020,45,Friday
2020-11-07,7,11,November,4,2020,45,Saturday
2020-11-08,8,11,November,4,2020,45,Sunday
2020-11-09,9,11,November,4,2020,46,Monday
2020-11-10,10,11,November,4,2020,46,Tuesday
2020-11-11,11,11,November,4,2020,46,Wednesday
2020-11-12,12,11,November,4,2020,46,Thursday
2020-11-13,13,11,November,4,2020,46,Friday
2020-11-14,14,11,November,4,2020,46,Saturday
2020-11-15,15,11,November,4,2020,46,Sunday
2020-11-16,16,11,November,4,2020,47,Monday
2020-11-17,17,11,November,4,2020,47,Tuesday
2020-11-18,18,11,November,4,2020,47,Wednesday
2020-11-19,19,11,November,4,2020,47,Thursday
2020-11-20,20,11,November,4,2020,47,Friday
2020-11-21,21,11,November,4,2020,47,Saturday
2020-11-22,22,11,November,4,2020,47,Sunday
2020-11-23,23,11,November,4,2020,48,Monday
2020-11-24,24,11,November,4,2020,48,Tuesday
2020-11-25,25,11,November,4,2020,48,Wednesday
2020-11-26,26,11,November,4,2020,48,Thursday
2020-11-27,27,11,November,4,2020,48,Friday
2020-11-28,28,11,November,4,2020,48,Saturday
2020-11-29,29,11,November,4,2020,48,Sunday
2020-11-30,30,11,November,4,2020,49,Monday
2020-12-01,1,12,December,4,2020,49,Tuesday
2020-12-02,2,12,December,4,2020,49,Wednesday
2020-12-03,3,12,December,4,2020,49,Thursday
2020-12-04,4,12,December,4,2020,49,Friday
2020-12-05,5,12,December,4,2020,49,Saturday
2020-12-06,6,12,December,4,2020,49,Sunday
2020-12-07,7,12,December,4,2020,50,Monday
2020-12-08,8,12,December,4,2020,50,Tuesday
2020-12-09,9,12,December,4,2020,50,Wednesday
2020-12-10,10,12,December,4,2020,50,Thursday
2020-12-11,11,12,December,4,2020,50,Friday
2020-12-12,12,12,December,4,2020,50,Saturday
2020-12-13,13,12,December,4,2020,50,Sunday
2020-12-14,14,12,December,4,2020,51,Monday
2020-12-15,15,12,December,4,2020,51,Tuesday
2020-12-16,16,12,December,4,2020,51,Wednesday
2020-12-17,17,12,December,4,2020,51,Thursday
2020-12-18,18,12,December,4,2020,51,Friday
2020-12-19,19,12,December,4,2020,51,Saturday
2020-12-20,20,12,December,4,2020,51,Sunday
2020-12-21,21,12,December,4,2020,52,Monday
2020-12-22,22,12,December,4,2020,52,Tuesday
2020-12-23,23,12,December,4,2020,52,Wednesday
2020-12-24,24,12,December,4,2020,52,Thursday
2020-12-25,25,12,December,4,2020,52,Friday
2020-12-26,26,12,December,4,2020,52,Saturday
2020-12-27,27,12,December,4,2020,52,Sunday
2020-12-28,28,12,December,4,2020,53,Monday
2020-12-29,29,12,December,4,2020,53,Tuesday
2020-12-30,30,12,December,4,2020,53,Wednesday
2020-12-31,31,12,December,4,2020,53,Thursday
2021-01-01,1,1,January,1,2021,53,Friday
2021-01-02,2,1,January,1,2021,53,Saturday
2021-01-03,3,1,January,1,2021,53,Sunday
2021-01-04,4,1,January,1,2021,1,Monday
2021-01-05,5,1,January,1,2021,1,Tuesday
2021-01-06,6,1,January,1,2021,1,Wednesday
2021-01-07,7,1,January,1,2021,1,Thursday
2021-01-08,8,1,January,1,2021,1,Friday
2021-01-09,9,1,January,1,2021,1,Saturday
2021-01-10,10,1,January,1,2021,1,Sunday
2021-01-11,11,1,January,1,2021,2,Monday
2021-01-12,12,1,January,1,2021,2,Tuesday
2021-01-13,13,1,January,1,2021,2,Wednesday
2021-01-14,14,1,January,1,2021,2,Thursday
2021-01-15,15,1,January,1,2021,2,Friday
2021-01-16,16,1,January,1,2021,2,Saturday
2021-01-17,17,1,January,1,2021,2,Sunday
2021-01-18,18,1,January,1,2021,3,Monday
2021-01-19,19,1,January,1,2021,3,Tuesday
2021-01-20,20,1,January,1,2021,3,Wednesday
2021-01-21,21,1,January,1,2021,3,Thursday
2021-01-22,22,1,January,1,2021,3,Friday
2021-01-23,23,1,January,1,2021,3,Saturday
2021-01-24,24,1,January,1,2021,3,Sunday
2021-01-25,25,1,January,1,2021,4,Monday
2021-01-26,26,1,January,1,2021,4,Tuesday
2021-01-27,27,1,January,1,2021,4,Wednesday
2021-01-28,28,1,January,1,2021,4,Thursday
2021-01-29,29,1,January,1,2021,4,Friday
2021-01-30,30,1,January,1,2021,4,Saturday
2021-01-31,31,1,January,1,2021,4,Sunday
2021-02-01,1,2,February,1,2021,5,Monday
2021-02-02,2,2,February,1,2021,5,Tuesday
2021-02-03,3,2,February,1,2021,5,Wednesday
2021-02-04,4,2,February,1,2021,5,Thursday
2021-02-05,5,2,February,1,2021,5,Friday
2021-02-06,6,2,February,1,2021,5,Saturday
2021-02-07,7,2,February,1,2021,5,Sunday
2021-02-08,8,2,February,1,2021,6,Monday
2021-02-09,9,2,February,1,2021,6,Tuesday
2021-02-10,10,2,February,1,2021,6,Wednesday
2021-02-11,11,2,February,1,2021,6,Thursday
2021-02-12,12,2,February,1,2021,6,Friday
2021-02-13,13,2,February,1,2021,6,Saturday
2021-02-14,14,2,February,1,2021,6,Sunday
2021-02-15,15,2,February,1,2021,7,Monday
2021-02-16,16,2,February,1,2021,7,Tuesday
2021-02-17,17,2,February,1,2021,7,Wednesday
2021-02-18,18,2,February,1,2021,7,Thursday
2021-02-19,19,2,February,1,2021,7,Friday
2021-02-20,20,2,February,1,2021,7,Saturday
2021-02-21,21,2,February,1,2021,7,Sunday
2021-02-22,22,2,February,1,2021,8,Monday
2021-02-23,23,2,February,1,2021,8,Tuesday
2021-02-24,24,2,February,1,2021,8,Wednesday
2021-02-25,25,2,February,1,2021,8,Thursday
2021-02-26,26,2,February,1,2021,8,Friday
2021-02-27,27,2,February,1,2021,8,Saturday
2021-02-28,28,2,February,1,2021,8,Sunday
2021-03-01,1,3,March,1,2021,9,Monday
2021-03-02,2,3,March,1,2021,9,Tuesday
2021-03-03,3,3,March,1,2021,9,Wednesday
2021-03-04,4,3,March,1,2021,9,Thursday
2021-03-05,5,3,March,1,2021,9,Friday
2021-03-06,6,3,March,1,2021,9,Saturday
2021-03-07,7,3,March,1,2021,9,Sunday
2021-03-08,8,3,March,1,2021,10,Monday
2021-03-09,9,3,March,1,2021,10,Tuesday
2021-03-10,10,3,March,1,2021,10,Wednesday
2021-03-11,11,3,March,1,2021,10,Thursday
2021-03-12,12,3,March,1,2021,10,Friday
2021-03-13,13,3,March,1,2021,10,Saturday
2021-03-14,14,3,March,1,2021,10,Sunday
2021-03-15,15,3,March,1,2021,11,Monday
2021-03-16,16,3,March,1,2021,11,Tuesday
2021-03-17,17,3,March,1,2021,11,Wednesday
2021-03-18,18,3,March,1,2021,11,Thursday
2021-03-19,19,3,March,1,2021,11,Friday
2021-03-20,20,3,March,1,2021,11,Saturday
2021-03-21,21,3,March,1,2021,11,Sunday
2021-03-22,22,3,March,1,2021,12,Monday
2021-03-23,23,3,March,1,2021,12,Tuesday
2021-03-24,24,3,March,1,2021,12,Wednesday
2021-03-25,25,3,March,1,2021,12,Thursday
2021-03-26,26,3,March,1,2021,12,Friday
2021-03-27,27,3,March,1,2021,12,Saturday
2021-03-28,28,3,March,1,2021,12,Sunday
2021-03-29,29,3,March,1,2021,13,Monday
2021-03-30,30,3,March,1,2021,13,Tuesday
2021-03-31,31,3,March,1,2021,13,Wednesday
2021-04-01,1,4,April,2,2021,13,Thursday
2021-04-02,2,4,April,2,2021,13,Friday
2021-04-03,3,4,April,2,2021,13,Saturday
2021-04-04,4,4,April,2,2021,13,Sunday
2021-04-05,5,4,April,2,2021,14,Monday
2021-04-06,6,4,April,2,2021,14,Tuesday
2021-04-07,7,4,April,2,2021,14,Wednesday
2021-04-08,8,4,April,2,2021,14,Thursday
2021-04-09,9,4,April,2,2021,14,Friday
2021-04-10,10,4,April,2,2021,14,Saturday
2021-04-11,11,4,April,2,2021,14,Sunday
2021-04-12,12,4,April,2,2021,15,Monday
2021-04-13,13,4,April,2,2021,15,Tuesday
2021-04-14,14,4,April,2,2021,15,Wednesday
2021-04-15,15,4,April,2,2021,15,Thursday
2021-04-16,16,4,April,2,2021,15,Friday
2021-04-17,17,4,April,2,2021,15,Saturday
2021-04-18,18,4,April,2,2021,15,Sunday
2021-04-19,19,4,April,2,2021,16,Monday
2021-04-20,20,4,April,2,2021,16,Tuesday
2021-04-21,21,4,April,2,2021,16,Wednesday
2021-04-22,22,4,April,2,2021,16,Thursday
2021-04-23,23,4,April,2,2021,16,Friday
2021-04-24,24,4,April,2,2021,16,Saturday
2021-04-25,25,4,April,2,2021,16,Sunday
2021-04-26,26,4,April,2,2021,17,Monday
2021-04-27,27,4,April,2,2021,17,Tuesday
2021-04-28,28,4,April,2,2021,17,Wednesday
2021-04-29,29,4,April,2,2021,17,Thursday
2021-04-30,30,4,April,2,2021,17,Friday
2021-05-01,1,5,May,2,2021,17,Saturday
2021-05-02,2,5,May,2,2021,17,Sunday
2021-05-03,3,5,May,2,2021,18,Monday
2021-05-04,4,5,May,2,2021,18,Tuesday
2021-05-05,5,5,May,2,2021,18,Wednesday
2021-05-06,6,5,May,2,2021,18,Thursday
2021-05-07,7,5,May,2,2021,18,Friday
2021-05-08,8,5,May,2,2021,18,Saturday
2021-05-09,9,5,May,2,2021,18,Sunday
2021-05-10,10,5,May,2,2021,19,Monday
2021-05-11,11,5,May,2,2021,19,Tuesday
2021-05-12,12,5,May,2,2021,19,Wednesday
2021-05-13,13,5,May,2,2021,19,Thursday
2021-05-14,14,5,May,2,2021,19,Friday
2021-05-15,15,5,May,2,2021,19,Saturday
2021-05-16,16,5,May,2,2021,19,Sunday
2021-05-17,17,5,May,2,2021,20,Monday
2021-05-18,18,5,May,2,2021,20,Tuesday
2021-05-19,19,5,May,2,2021,20,Wednesday
2021-05-20,20,5,May,2,2021,20,Thursday
2021-05-21,21,5,May,2,2021,20,Friday
2021-05-22,22,5,May,2,2021,20,Saturday
2021-05-23,23,5,May,2,2021,20,Sunday
2021-05-24,24,5,May,2,2021,21,Monday
2021-05-25,25,5,May,2,2021,21,Tuesday
2021-05-26,26,5,May,2,2021,21,Wednesday
2021-05-27,27,5,May,2,2021,21,Thursday
2021-05-28,28,5,May,2,2021,21,Friday
2021-05-29,29,5,May,2,2021,21,Saturday
2021-05-30,30,5,May,2,2021,21,Sunday
2021-05-31,31,5,May,2,2021,22,Monday
2021-06-01,1,6,June,2,2021,22,Tuesday
2021-06-02,2,6,June,2,2021,22,Wednesday
2021-06-03,3,6,June,2,2021,22,Thursday
2021-06-04,4,6,June,2,2021,22,Friday
2021-06-05,5,6,June,2,2021,22,Saturday
2021-06-06,6,6,June,2,2021,22,Sunday
2021-06-07,7,6,June,2,2021,23,Monday
2021-06-08,8,6,June,2,2021,23,Tuesday
2021-06-09,9,6,June,2,2021,23,Wednesday
2021-06-10,10,6,June,2,2021,23,Thursday
2021-06-11,11,6,June,2,2021,23,Friday
2021-06-12,12,6,June,2,2021,23,Saturday
2021-06-13,13,6,June,2,2021,23,Sunday
2021-06-14,14,6,June,2,2021,24,Monday
2021-06-15,15,6,June,2,2021,24,Tuesday
2021-06-16,16,6,June,2,2021,24,Wednesday
2021-06-17,17,6,June,2,2021,24,Thursday
2021-06-18,18,6,June,2,2021,24,Friday
2021-06-19,19,6,June,2,2021,24,Saturday
2021-06-20,20,6,June,2,2021,24,Sunday
2021-06-21,21,6,June,2,2021,25,Monday
2021-06-22,22,6,June,2,2021,25,Tuesday
2021-06-23,23,6,June,2,2021,25,Wednesday
2021-06-24,24,6,June,2,2021,25,Thursday
2021-06-25,25,6,June,2,2021,25,Friday
2021-06-26,26,6,June,2,2021,25,Saturday
2021-06-27,27,6,June,2,2021,25,Sunday
2021-06-28,28,6,June,2,2021,26,Monday
2021-06-29,29,6,June,2,2021,26,Tuesday
2021-06-30,30,6,June,2,2021,26,Wednesday
2021-07-01,1,7,July,3,2021,26,Thursday
2021-07-02,2,7,July,3,2021,26,Friday
2021-07-03,3,7,July,3,2021,26,Saturday
2021-07-04,4,7,July,3,2021,26,Sunday
2021-07-05,5,7,July,3,2021,27,Monday
2021-07-06,6,7,July,3,2021,27,Tuesday
2021-07-07,7,7,July,3,2021,27,Wednesday
2021-07-08,8,7,July,3,2021,27,Thursday
2021-07-09,9,7,July,3,2021,27,Friday
2021-07-10,10,7,July,3,2021,27,Saturday
2021-07-11,11,7,July,3,2021,27,Sunday
2021-07-12,12,7,July,3,2021,28,Monday
2021-07-13,13,7,July,3,2021,28,Tuesday
2021-07-14,14,7,July,3,2021,28,Wednesday
2021-07-15,15,7,July,3,2021,28,Thursday
2021-07-16,16,7,July,3,2021,28,Friday
2021-07-17,17,7,July,3,2021,28,Saturday
2021-07-18,18,7,July,3,2021,28,Sunday
2021-07-19,19,7,July,3,2021,29,Monday
2021-07-20,20,7,July,3,2021,29,Tuesday
2021-07-21,21,7,July,3,2021,29,Wednesday
2021-07-22,22,7,July,3,2021,29,Thursday
2021-07-23,23,7,July,3,2021,29,Friday
2021-07-24,24,7,July,3,2021,29,Saturday
2021-07-25,25,7,July,3,2021,29,Sunday
2021-07-26,26,7,July,3,2021,30,Monday
2021-07-27,27,7,July,3,2021,30,Tuesday
2021-07-28,28,7,July,3,2021,30,Wednesday
2021-07-29,29,7,July,3,2021,30,Thursday
2021-07-30,30,7,July,3,2021,30,Friday
2021-07-31,31,7,July,3,2021,30,Saturday
2021-08-01,1,8,August,3,2021,30,Sunday
2021-08-02,2,8,August,3,2021,31,Monday
2021-08-03,3,8,August,3,2021,31,Tuesday
2021-08-04,4,8,August,3,2021,31,Wednesday
2021-08-05,5,8,August,3,2021,31,Thursday
2021-08-06,6,8,August,3,2021,31,Friday
2021-08-07,7,8,August,3,2021,31,Saturday
2021-08-08,8,8,August,3,2021,31,Sunday
2021-08-09,9,8,August,3,2021,32,Monday
2021-08-10,10,8,August,3,2021,32,Tuesday
2021-08-11,11,8,August,3,2021,32,Wednesday
2021-08-12,12,8,August,3,2021,32,Thursday
2021-08-13,13,8,August,3,2021,32,Friday
2021-08-14,14,8,August,3,2021,32,Saturday
2021-08-15,15,8,August,3,2021,32,Sunday
2021-08-16,16,8,August,3,2021,33,Monday
2021-08-17,17,8,August,3,2021,33,Tuesday
2021-08-18,18,8,August,3,2021,33,Wednesday
2021-08-19,19,8,August,3,2021,33,Thursday
2021-08-20,20,8,August,3,2021,33,Friday
2021-08-21,21,8,August,3,2021,33,Saturday
2021-08-22,22,8,August,3,2021,33,Sunday
2021-08-23,23,8,August,3,2021,34,Monday
2021-08-24,24,8,August,3,2021,34,Tuesday
2021-08-25,25,8,August,3,2021,34,Wednesday
2021-08-26,26,8,August,3,2021,34,Thursday
2021-08-27,27,8,August,3,2021,34,Friday
2021-08-28,28,8,August,3,2021,34,Saturday
2021-08-29,29,8,August,3,2021,34,Sunday
2021-08-30,30,8,August,3,2021,35,Monday
2021-08-31,31,8,August,3,2021,35,Tuesday
2021-09-01,1,9,September,3,2021,35,Wednesday
2021-09-02,2,9,September,3,2021,35,Thursday
2021-09-03,3,9,September,3,2021,35,Friday
2021-09-04,4,9,September,3,2021,35,Saturday
2021-09-05,5,9,September,3,2021,35,Sunday
2021-09-06,6,9,September,3,2021,36,Monday
2021-09-07,7,9,September,3,2021,36,Tuesday
2021-09-08,8,9,September,3,2021,36,Wednesday
2021-09-09,9,9,September,3,2021,36,Thursday
2021-09-10,10,9,September,3,2021,36,Friday
2021-09-11,11,9,September,3,2021,36,Saturday
2021-09-12,12,9,September,3,2021,36,Sunday
2021-09-13,13,9,September,3,2021,37,Monday
2021-09-14,14,9,September,3,2021,37,Tuesday
2021-09-15,15,9,September,3,2021,37,Wednesday
2021-09-16,16,9,September,3,2021,37,Thursday
2021-09-17,17,9,September,3,2021,37,Friday
2021-09-18,18,9,September,3,2021,37,Saturday
2021-09-19,19,9,September,3,2021,37,Sunday
2021-09-20,20,9,September,3,2021,38,Monday
2021-09-21,21,9,September,3,2021,38,Tuesday
2021-09-22,22,9,September,3,2021,38,Wednesday
2021-09-23,23,9,September,3,2021,38,Thursday
2021-09-24,24,9,September,3,2021,38,Friday
2021-09-25,25,9,September,3,2021,38,Saturday
2021-09-26,26,9,September,3,2021,38,Sunday
2021-09-27,27,9,September,3,2021,39,Monday
2021-09-28,28,9,September,3,2021,39,Tuesday
2021-09-29,29,9,September,3,2021,39,Wednesday
2021-09-30,30,9,September,3,2021,39,Thursday
2021-10-01,1,10,October,4,2021,39,Friday
2021-10-02,2,10,October,4,2021,39,Saturday
2021-10-03,3,10,October,4,2021,39,Sunday
2021-10-04,4,10,October,4,2021,40,Monday
2021-10-05,5,10,October,4,2021,40,Tuesday
2021-10-06,6,10,October,4,2021,40,Wednesday
2021-10-07,7,10,October,4,2021,40,Thursday
2021-10-08,8,10,October,4,2021,40,Friday
2021-10-09,9,10,October,4,2021,40,Saturday
2021-10-10,10,10,October,4,2021,40,Sunday
2021-10-11,11,10,October,4,2021,41,Monday
2021-10-12,12,10,October,4,2021,41,Tuesday
2021-10-13,13,10,October,4,2021,41,Wednesday
2021-10-14,14,10,October,4,2021,41,Thursday
2021-10-15,15,10,October,4,2021,41,Friday
2021-10-16,16,10,October,4,2021,41,Saturday
2021-10-17,17,10,October,4,2021,41,Sunday
2021-10-18,18,10,October,4,2021,42,Monday
2021-10-19,19,10,October,4,2021,42,Tuesday
2021-10-20,20,10,October,4,2021,42,Wednesday
2021-10-21,21,10,October,4,2021,42,Thursday
2021-10-22,22,10,October,4,2021,42,Friday
2021-10-23,23,10,October,4,2021,42,Saturday
2021-10-24,24,10,October,4,2021,42,Sunday
2021-10-25,25,10,October,4,2021,43,Monday
2021-10-26,26,10,October,4,2021,43,Tuesday
2021-10-27,27,10,October,4,2021,43,Wednesday
2021-10-28,28,10,October,4,2021,43,Thursday
2021-10-29,29,10,October,4,2021,43,Friday
2021-10-30,30,10,October,4,2021,43,Saturday
2021-10-31,31,10,October,4,2021,43,Sunday
2021-11-01,1,11,November,4,2021,44,Monday
2021-11-02,2,11,November,4,2021,44,Tuesday
2021-11-03,3,11,November,4,2021,44,Wednesday
2021-11-04,4,11,November,4,2021,44,Thursday
2021-11-05,5,11,November,4,2021,44,Friday
2021-11-06,6,11,November,4,2021,44,Saturday
2021-11-07,7,11,November,4,2021,44,Sunday
2021-11-08,8,11,November,4,2021,45,Monday
2021-11-09,9,11,November,4,2021,45,Tuesday
2021-11-10,10,11,November,4,2021,45,Wednesday
2021-11-11,11,11,November,4,2021,45,Thursday
2021-11-12,12,11,November,4,2021,45,Friday
2021-11-13,13,11,November,4,2021,45,Saturday
2021-11-14,14,11,November,4,2021,45,Sunday
2021-11-15,15,11,November,4,2021,46,Monday
2021-11-16,16,11,November,4,2021,46,Tuesday
2021-11-17,17,11,November,4,2021,46,Wednesday
2021-11-18,18,11,November,4,2021,46,Thursday
2021-11-19,19,11,November,4,2021,46,Friday
2021-11-20,20,11,November,4,2021,46,Saturday
2021-11-21,21,11,November,4,2021,46,Sunday
2021-11-22,22,11,November,4,2021,47,Monday
2021-11-23,23,11,November,4,2021,47,Tuesday
2021-11-24,24,11,November,4,2021,47,Wednesday
2021-11-25,25,11,November,4,2021,47,Thursday
2021-11-26,26,11,November,4,2021,47,Friday
2021-11-27,27,11,November,4,2021,47,Saturday
2021-11-28,28,11,November,4,2021,47,Sunday
2021-11-29,29,11,November,4,2021,48,Monday
2021-11-30,30,11,November,4,2021,48,Tuesday
2021-12-01,1,12,December,4,2021,48,Wednesday
2021-12-02,2,12,December,4,2021,48,Thursday
2021-12-03,3,12,December,4,2021,48,Friday
2021-12-04,4,12,December,4,2021,48,Saturday
2021-12-05,5,12,December,4,2021,48,Sunday
2021-12-06,6,12,December,4,2021,49,Monday
2021-12-07,7,12,December,4,2021,49,Tuesday
2021-12-08,8,12,December,4,2021,49,Wednesday
2021-12-09,9,12,December,4,2021,49,Thursday
2021-12-10,10,12,December,4,2021,49,Friday
2021-12-11,11,12,December,4,2021,49,Saturday
2021-12-12,12,12,December,4,2021,49,Sunday
2021-12-13,13,12,December,4,2021,50,Monday
2021-12-14,14,12,December,4,2021,50,Tuesday
2021-12-15,15,12,December,4,2021,50,Wednesday
2021-12-16,16,12,December,4,2021,50,Thursday
2021-12-17,17,12,December,4,2021,50,Friday
2021-12-18,18,12,December,4,2021,50,Saturday
2021-12-19,19,12,December,4,2021,50,Sunday
2021-12-20,20,12,December,4,2021,51,Monday
2021-12-21,21,12,December,4,2021,51,Tuesday
2021-12-22,22,12,December,4,2021,51,Wednesday
2021-12-23,23,12,December,4,2021,51,Thursday
2021-12-24,24,12,December,4,2021,51,Friday
2021-12-25,25,12,December,4,2021,51,Saturday
2021-12-26,26,12,December,4,2021,51,Sunday
2021-12-27,27,12,December,4,2021,52,Monday
2021-12-28,28,12,December,4,2021,52,Tuesday
2021-12-29,29,12,December,4,2021,52,Wednesday
2021-12-30,30,12,December,4,2021,52,Thursday
2021-12-31,31,12,December,4,2021,52,Friday
2022-01-01,1,1,January,1,2022,52,Saturday
2022-01-02,2,1,January,1,2022,52,Sunday
2022-01-03,3,1,January,1,2022,1,Monday
2022-01-04,4,1,January,1,2022,1,Tuesday
2022-01-05,5,1,January,1,2022,1,Wednesday
2022-01-06,6,1,January,1,2022,1,Thursday
2022-01-07,7,1,January,1,2022,1,Friday
2022-01-08,8,1,January,1,2022,1,Saturday
2022-01-09,9,1,January,1,2022,1,Sunday
2022-01-10,10,1,January,1,2022,2,Monday
2022-01-11,11,1,January,1,2022,2,Tuesday
2022-01-12,12,1,January,1,2022,2,Wednesday
2022-01-13,13,1,January,1,2022,2,Thursday
2022-01-14,14,1,January,1,2022,2,Friday
2022-01-15,15,1,January,1,2022,2,Saturday
2022-01-16,16,1,January,1,2022,2,Sunday
2022-01-17,17,1,January,1,2022,3,Monday
2022-01-18,18,1,January,1,2022,3,Tuesday
2022-01-19,19,1,January,1,2022,3,Wednesday
2022-01-20,20,1,January,1,2022,3,Thursday
2022-01-21,21,1,January,1,2022,3,Friday
2022-01-22,22,1,January,1,2022,3,Saturday
2022-01-23,23,1,January,1,2022,3,Sunday
2022-01-24,24,1,January,1,2022,4,Monday
2022-01-25,25,1,January,1,2022,4,Tuesday
2022-01-26,26,1,January,1,2022,4,Wednesday
2022-01-27,27,1,January,1,2022,4,Thursday
2022-01-28,28,1,January,1,2022,4,Friday
2022-01-29,29,1,January,1,2022,4,Saturday
2022-01-30,30,1,January,1,2022,4,Sunday
2022-01-31,31,1,January,1,2022,5,Monday
2022-02-01,1,2,February,1,2022,5,Tuesday
2022-02-02,2,2,February,1,2022,5,Wednesday
2022-02-03,3,2,February,1,2022,5,Thursday
2022-02-04,4,2,February,1,2022,5,Friday
2022-02-05,5,2,February,1,2022,5,Saturday
2022-02-06,6,2,February,1,2022,5,Sunday
2022-02-07,7,2,February,1,2022,6,Monday
2022-02-08,8,2,February,1,2022,6,Tuesday
2022-02-09,9,2,February,1,2022,6,Wednesday
2022-02-10,10,2,February,1,2022,6,Thursday
2022-02-11,11,2,February,1,2022,6,Friday
2022-02-12,12,2,February,1,2022,6,Saturday
2022-02-13,13,2,February,1,2022,6,Sunday
2022-02-14,14,2,February,1,2022,7,Monday
2022-02-15,15,2,February,1,2022,7,Tuesday
2022-02-16,16,2,February,1,2022,7,Wednesday
2022-02-17,17,2,February,1,2022,7,Thursday
2022-02-18,18,2,February,1,2022,7,Friday
2022-02-19,19,2,February,1,2022,7,Saturday
2022-02-20,20,2,February,1,2022,7,Sunday
2022-02-21,21,2,February,1,2022,8,Monday
2022-02-22,22,2,February,1,2022,8,Tuesday
2022-02-23,23,2,February,1,2022,8,Wednesday
2022-02-24,24,2,February,1,2022,8,Thursday
2022-02-25,25,2,February,1,2022,8,Friday
2022-02-26,26,2,February,1,2022,8,Saturday
2022-02-27,27,2,February,1,2022,8,Sunday
2022-02-28,28,2,February,1,2022,9,Monday
2022-03-01,1,3,March,1,2022,9,Tuesday
2022-03-02,2,3,March,1,2022,9,Wednesday
2022-03-03,3,3,March,1,2022,9,Thursday
2022-03-04,4,3,March,1,2022,9,Friday
2022-03-05,5,3,March,1,2022,9,Saturday
2022-03-06,6,3,March,1,2022,9,Sunday
2022-03-07,7,3,March,1,2022,10,Monday
2022-03-08,8,3,March,1,2022,10,Tuesday
2022-03-09,9,3,March,1,2022,10,Wednesday
2022-03-10,10,3,March,1,2022,10,Thursday
2022-03-11,11,3,March,1,2022,10,Friday
2022-03-12,12,3,March,1,2022,10,Saturday
2022-03-13,13,3,March,1,2022,10,Sunday
2022-03-14,14,3,March,1,2022,11,Monday
2022-03-15,15,3,March,1,2022,11,Tuesday
2022-03-16,16,3,March,1,2022,11,Wednesday
2022-03-17,17,3,March,1,2022,11,Thursday
2022-03-18,18,3,March,1,2022,11,Friday
2022-03-19,19,3,March,1,2022,11,Saturday
2022-03-20,20,3,March,1,2022,11,Sunday
2022-03-21,21,3,March,1,2022,12,Monday
2022-03-22,22,3,March,1,2022,12,Tuesday
2022-03-23,23,3,March,1,2022,12,Wednesday
2022-03-24,24,3,March,1,2022,12,Thursday
2022-03-25,25,3,March,1,2022,12,Friday
2022-03-26,26,3,March,1,2022,12,Saturday
2022-03-27,27,3,March,1,2022,12,Sunday
2022-03-28,28,3,March,1,2022,13,Monday
2022-03-29,29,3,March,1,2022,13,Tuesday
2022-03-30,30,3,March,1,2022,13,Wednesday
2022-03-31,31,3,March,1,2022,13,Thursday
2022-04-01,1,4,April,2,2022,13,Friday
2022-04-02,2,4,April,2,2022,13,Saturday
2022-04-03,3,4,April,2,2022,13,Sunday
2022-04-04,4,4,April,2,2022,14,Monday
2022-04-05,5,4,April,2,2022,14,Tuesday
2022-04-06,6,4,April,2,2022,14,Wednesday
2022-04-07,7,4,April,2,2022,14,Thursday
2022-04-08,8,4,April,2,2022,14,Friday
2022-04-09,9,4,April,2,2022,14,Saturday
2022-04-10,10,4,April,2,2022,14,Sunday
2022-04-11,11,4,April,2,2022,15,Monday
2022-04-12,12,4,April,2,2022,15,Tuesday
2022-04-13,13,4,April,2,2022,15,Wednesday
2022-04-14,14,4,April,2,2022,15,Thursday
2022-04-15,15,4,April,2,2022,15,Friday
2022-04-16,16,4,April,2,2022,15,Saturday
2022-04-17,17,4,April,2,2022,15,Sunday
2022-04-18,18,4,April,2,2022,16,Monday
2022-04-19,19,4,April,2,2022,16,Tuesday
2022-04-20,20,4,April,2,2022,16,Wednesday
2022-04-21,21,4,April,2,2022,16,Thursday
2022-04-22,22,4,April,2,2022,16,Friday
2022-04-23,23,4,April,2,2022,16,Saturday
2022-04-24,24,4,April,2,2022,16,Sunday
2022-04-25,25,4,April,2,2022,17,Monday
2022-04-26,26,4,April,2,2022,17,Tuesday
2022-04-27,27,4,April,2,2022,17,Wednesday
2022-04-28,28,4,April,2,2022,17,Thursday
2022-04-29,29,4,April,2,2022,17,Friday
2022-04-30,30,4,April,2,2022,17,Saturday
2022-05-01,1,5,May,2,2022,17,Sunday
2022-05-02,2,5,May,2,2022,18,Monday
2022-05-03,3,5,May,2,2022,18,Tuesday
2022-05-04,4,5,May,2,2022,18,Wednesday
2022-05-05,5,5,May,2,2022,18,Thursday
2022-05-06,6,5,May,2,2022,18,Friday
2022-05-07,7,5,May,2,2022,18,Saturday
2022-05-08,8,5,May,2,2022,18,Sunday
2022-05-09,9,5,May,2,2022,19,Monday
2022-05-10,10,5,May,2,2022,19,Tuesday
2022-05-11,11,5,May,2,2022,19,Wednesday
2022-05-12,12,5,May,2,2022,19,Thursday
2022-05-13,13,5,May,2,2022,19,Friday
2022-05-14,14,5,May,2,2022,19,Saturday
2022-05-15,15,5,May,2,2022,19,Sunday
2022-05-16,16,5,May,2,2022,20,Monday
2022-05-17,17,5,May,2,2022,20,Tuesday
2022-05-18,18,5,May,2,2022,20,Wednesday
2022-05-19,19,5,May,2,2022,20,Thursday
2022-05-20,20,5,May,2,2022,20,Friday
2022-05-21,21,5,May,2,2022,20,Saturday
2022-05-22,22,5,May,2,2022,20,Sunday
2022-05-23,23,5,May,2,2022,21,Monday
2022-05-24,24,5,May,2,2022,21,Tuesday
2022-05-25,25,5,May,2,2022,21,Wednesday
2022-05-26,26,5,May,2,2022,21,Thursday
2022-05-27,27,5,May,2,2022,21,Friday
2022-05-28,28,5,May,2,2022,21,Saturday
2022-05-29,29,5,May,2,2022,21,Sunday
2022-05-30,30,5,May,2,2022,22,Monday
2022-05-31,31,5,May,2,2022,22,Tuesday
2022-06-01,1,6,June,2,2022,22,Wednesday
2022-06-02,2,6,June,2,2022,22,Thursday
2022-06-03,3,6,June,2,2022,22,Friday
2022-06-04,4,6,June,2,2022,22,Saturday
2022-06-05,5,6,June,2,2022,22,Sunday
2022-06-06,6,6,June,2,2022,23,Monday
2022-06-07,7,6,June,2,2022,23,Tuesday
2022-06-08,8,6,June,2,2022,23,Wednesday
2022-06-09,9,6,June,2,2022,23,Thursday
2022-06-10,10,6,June,2,2022,23,Friday
2022-06-11,11,6,June,2,2022,23,Saturday
2022-06-12,12,6,June,2,2022,23,Sunday
2022-06-13,13,6,June,2,2022,24,Monday
2022-06-14,14,6,June,2,2022,24,Tuesday
2022-06-15,15,6,June,2,2022,24,Wednesday
2022-06-16,16,6,June,2,2022,24,Thursday
2022-06-17,17,6,June,2,2022,24,Friday
2022-06-18,18,6,June,2,2022,24,Saturday
2022-06-19,19,6,June,2,2022,24,Sunday
2022-06-20,20,6,June,2,2022,25,Monday
2022-06-21,21,6,June,2,2022,25,Tuesday
2022-06-22,22,6,June,2,2022,25,Wednesday
2022-06-23,23,6,June,2,2022,25,Thursday
2022-06-24,24,6,June,2,2022,25,Friday
2022-06-25,25,6,June,2,2022,25,Saturday
2022-06-26,26,6,June,2,2022,25,Sunday
2022-06-27,27,6,June,2,2022,26,Monday
2022-06-28,28,6,June,2,2022,26,Tuesday
2022-06-29,29,6,June,2,2022,26,Wednesday
2022-06-30,30,6,June,2,2022,26,Thursday
2022-07-01,1,7,July,3,2022,26,Friday
2022-07-02,2,7,July,3,2022,26,Saturday
2022-07-03,3,7,July,3,2022,26,Sunday
2022-07-04,4,7,July,3,2022,27,Monday
2022-07-05,5,7,July,3,2022,27,Tuesday
2022-07-06,6,7,July,3,2022,27,Wednesday
2022-07-07,7,7,July,3,2022,27,Thursday
2022-07-08,8,7,July,3,2022,27,Friday
2022-07-09,9,7,July,3,2022,27,Saturday
2022-07-10,10,7,July,3,2022,27,Sunday
2022-07-11,11,7,July,3,2022,28,Monday
2022-07-12,12,7,July,3,2022,28,Tuesday
2022-07-13,13,7,July,3,2022,28,Wednesday
2022-07-14,14,7,July,3,2022,28,Thursday
2022-07-15,15,7,July,3,2022,28,Friday
2022-07-16,16,7,July,3,2022,28,Saturday
2022-07-17,17,7,July,3,2022,28,Sunday
2022-07-18,18,7,July,3,2022,29,Monday
2022-07-19,19,7,July,3,2022,29,Tuesday
2022-07-20,20,7,July,3,2022,29,Wednesday
2022-07-21,21,7,July,3,2022,29,Thursday
2022-07-22,22,7,July,3,2022,29,Friday
2022-07-23,23,7,July,3,2022,29,Saturday
2022-07-24,24,7,July,3,2022,29,Sunday
2022-07-25,25,7,July,3,2022,30,Monday
2022-07-26,26,7,July,3,2022,30,Tuesday
2022-07-27,27,7,July,3,2022,30,Wednesday
2022-07-28,28,7,July,3,2022,30,Thursday
2022-07-29,29,7,July,3,2022,30,Friday
2022-07-30,30,7,July,3,2022,30,Saturday
2022-07-31,31,7,July,3,2022,30,Sunday
2022-08-01,1,8,August,3,2022,31,Monday
2022-08-02,2,8,August,3,2022,31,Tuesday
2022-08-03,3,8,August,3,2022,31,Wednesday
2022-08-04,4,8,August,3,2022,31,Thursday
2022-08-05,5,8,August,3,2022,31,Friday
2022-08-06,6,8,August,3,2022,31,Saturday
2022-08-07,7,8,August,3,2022,31,Sunday
2022-08-08,8,8,August,3,2022,32,Monday
2022-08-09,9,8,August,3,2022,32,Tuesday
2022-08-10,10,8,August,3,2022,32,Wednesday
2022-08-11,11,8,August,3,2022,32,Thursday
2022-08-12,12,8,August,3,2022,32,Friday
2022-08-13,13,8,August,3,2022,32,Saturday
2022-08-14,14,8,August,3,2022,32,Sunday
2022-08-15,15,8,August,3,2022,33,Monday
2022-08-16,16,8,August,3,2022,33,Tuesday
2022-08-17,17,8,August,3,2022,33,Wednesday
2022-08-18,18,8,August,3,2022,33,Thursday
2022-08-19,19,8,August,3,2022,33,Friday
2022-08-20,20,8,August,3,2022,33,Saturday
2022-08-21,21,8,August,3,2022,33,Sunday
2022-08-22,22,8,August,3,2022,34,Monday
2022-08-23,23,8,August,3,2022,34,Tuesday
2022-08-24,24,8,August,3,2022,34,Wednesday
2022-08-25,25,8,August,3,2022,34,Thursday
2022-08-26,26,8,August,3,2022,34,Friday
2022-08-27,27,8,August,3,2022,34,Saturday
2022-08-28,28,8,August,3,2022,34,Sunday
2022-08-29,29,8,August,3,2022,35,Monday
2022-08-30,30,8,August,3,2022,35,Tuesday
2022-08-31,31,8,August,3,2022,35,Wednesday
2022-09-01,1,9,September,3,2022,35,Thursday
2022-09-02,2,9,September,3,2022,35,Friday
2022-09-03,3,9,September,3,2022,35,Saturday
2022-09-04,4,9,September,3,2022,35,Sunday
2022-09-05,5,9,September,3,2022,36,Monday
2022-09-06,6,9,September,3,2022,36,Tuesday
2022-09-07,7,9,September,3,2022,36,Wednesday
2022-09-08,8,9,September,3,2022,36,Thursday
2022-09-09,9,9,September,3,2022,36,Friday
2022-09-10,10,9,September,3,2022,36,Saturday
2022-09-11,11,9,September,3,2022,36,Sunday
2022-09-12,12,9,September,3,2022,37,Monday
2022-09-13,13,9,September,3,2022,37,Tuesday
2022-09-14,14,9,September,3,2022,37,Wednesday
2022-09-15,15,9,September,3,2022,37,Thursday
2022-09-16,16,9,September,3,2022,37,Friday
2022-09-17,17,9,September,3,2022,37,Saturday
2022-09-18,18,9,September,3,2022,37,Sunday
2022-09-19,19,9,September,3,2022,38,Monday
2022-09-20,20,9,September,3,2022,38,Tuesday
2022-09-21,21,9,September,3,2022,38,Wednesday
2022-09-22,22,9,September,3,2022,38,Thursday
2022-09-23,23,9,September,3,2022,38,Friday
2022-09-24,24,9,September,3,2022,38,Saturday
2022-09-25,25,9,September,3,2022,38,Sunday
2022-09-26,26,9,September,3,2022,39,Monday
2022-09-27,27,9,September,3,2022,39,Tuesday
2022-09-28,28,9,September,3,2022,39,Wednesday
2022-09-29,29,9,September,3,2022,39,Thursday
2022-09-30,30,9,September,3,2022,39,Friday
2022-10-01,1,10,October,4,2022,39,Saturday
2022-10-02,2,10,October,4,2022,39,Sunday
2022-10-03,3,10,October,4,2022,40,Monday
2022-10-04,4,10,October,4,2022,40,Tuesday
2022-10-05,5,10,October,4,2022,40,Wednesday
2022-10-06,6,10,October,4,2022,40,Thursday
2022-10-07,7,10,October,4,2022,40,Friday
2022-10-08,8,10,October,4,2022,40,Saturday
2022-10-09,9,10,October,4,2022,40,Sunday
2022-10-10,10,10,October,4,2022,41,Monday
2022-10-11,11,10,October,4,2022,41,Tuesday
2022-10-12,12,10,October,4,2022,41,Wednesday
2022-10-13,13,10,October,4,2022,41,Thursday
2022-10-14,14,10,October,4,2022,41,Friday
2022-10-15,15,10,October,4,2022,41,Saturday
2022-10-16,16,10,October,4,2022,41,Sunday
2022-10-17,17,10,October,4,2022,42,Monday
2022-10-18,18,10,October,4,2022,42,Tuesday
2022-10-19,19,10,October,4,2022,42,Wednesday
2022-10-20,20,10,October,4,2022,42,Thursday
2022-10-21,21,10,October,4,2022,42,Friday
2022-10-22,22,10,October,4,2022,42,Saturday
2022-10-23,23,10,October,4,2022,42,Sunday
2022-10-24,24,10,October,4,2022,43,Monday
2022-10-25,25,10,October,4,2022,43,Tuesday
2022-10-26,26,10,October,4,2022,43,Wednesday
2022-10-27,27,10,October,4,2022,43,Thursday
2022-10-28,28,10,October,4,2022,43,Friday
2022-10-29,29,10,October,4,2022,43,Saturday
2022-10-30,30,10,October,4,2022,43,Sunday
2022-10-31,31,10,October,4,2022,44,Monday
2022-11-01,1,11,November,4,2022,44,Tuesday
2022-11-02,2,11,November,4,2022,44,Wednesday
2022-11-03,3,11,November,4,2022,44,Thursday
2022-11-04,4,11,November,4,2022,44,Friday
2022-11-05,5,11,November,4,2022,44,Saturday
2022-11-06,6,11,November,4,2022,44,Sunday
2022-11-07,7,11,November,4,2022,45,Monday
2022-11-08,8,11,November,4,2022,45,Tuesday
2022-11-09,9,11,November,4,2022,45,Wednesday
2022-11-10,10,11,November,4,2022,45,Thursday
2022-11-11,11,11,November,4,2022,45,Friday
2022-11-12,12,11,November,4,2022,45,Saturday
2022-11-13,13,11,November,4,2022,45,Sunday
2022-11-14,14,11,November,4,2022,46,Monday
2022-11-15,15,11,November,4,2022,46,Tuesday
2022-11-16,16,11,November,4,2022,46,Wednesday
2022-11-17,17,11,November,4,2022,46,Thursday
2022-11-18,18,11,November,4,2022,46,Friday
2022-11-19,19,11,November,4,2022,46,Saturday
2022-11-20,20,11,November,4,2022,46,Sunday
2022-11-21,21,11,November,4,2022,47,Monday
2022-11-22,22,11,November,4,2022,47,Tuesday
2022-11-23,23,11,November,4,2022,47,Wednesday
2022-11-24,24,11,November,4,2022,47,Thursday
2022-11-25,25,11,November,4,2022,47,Friday
2022-11-26,26,11,November,4,2022,47,Saturday
2022-11-27,27,11,November,4,2022,47,Sunday
2022-11-28,28,11,November,4,2022,48,Monday
2022-11-29,29,11,November,4,2022,48,Tuesday
2022-11-30,30,11,November,4,2022,48,Wednesday
2022-12-01,1,12,December,4,2022,48,Thursday
2022-12-02,2,12,December,4,2022,48,Friday
2022-12-03,3,12,December,4,2022,48,Saturday
2022-12-04,4,12,December,4,2022,48,Sunday
2022-12-05,5,12,December,4,2022,49,Monday
2022-12-06,6,12,December,4,2022,49,Tuesday
2022-12-07,7,12,December,4,2022,49,Wednesday
2022-12-08,8,12,December,4,2022,49,Thursday
2022-12-09,9,12,December,4,2022,49,Friday
2022-12-10,10,12,December,4,2022,49,Saturday
2022-12-11,11,12,December,4,2022,49,Sunday
2022-12-12,12,12,December,4,2022,50,Monday
2022-12-13,13,12,December,4,2022,50,Tuesday
2022-12-14,14,12,December,4,2022,50,Wednesday
2022-12-15,15,12,December,4,2022,50,Thursday
2022-12-16,16,12,December,4,2022,50,Friday
2022-12-17,17,12,December,4,2022,50,Saturday
2022-12-18,18,12,December,4,2022,50,Sunday
2022-12-19,19,12,December,4,2022,51,Monday
2022-12-20,20,12,December,4,2022,51,Tuesday
2022-12-21,21,12,December,4,2022,51,Wednesday
2022-12-22,22,12,December,4,2022,51,Thursday
2022-12-23,23,12,December,4,2022,51,Friday
2022-12-24,24,12,December,4,2022,51,Saturday
2022-12-25,25,12,December,4,2022,51,Sunday
2022-12-26,26,12,December,4,2022,52,Monday
2022-12-27,27,12,December,4,2022,52,Tuesday
2022-12-28,28,12,December,4,2022,52,Wednesday
2022-12-29,29,12,December,4,2022,52,Thursday
2022-12-30,30,12,December,4,2022,52,Friday
2022-12-31,31,12,December,4,2022,52,Saturday
2023-01-01,1,1,January,1,2023,52,Sunday
2023-01-02,2,1,January,1,2023,1,Monday
2023-01-03,3,1,January,1,2023,1,Tuesday
2023-01-04,4,1,January,1,2023,1,Wednesday
2023-01-05,5,1,January,1,2023,1,Thursday
2023-01-06,6,1,January,1,2023,1,Friday
2023-01-07,7,1,January,1,2023,1,Saturday
2023-01-08,8,1,January,1,2023,1,Sunday
2023-01-09,9,1,January,1,2023,2,Monday
2023-01-10,10,1,January,1,2023,2,Tuesday
2023-01-11,11,1,January,1,2023,2,Wednesday
2023-01-12,12,1,January,1,2023,2,Thursday
2023-01-13,13,1,January,1,2023,2,Friday
2023-01-14,14,1,January,1,2023,2,Saturday
2023-01-15,15,1,January,1,2023,2,Sunday
2023-01-16,16,1,January,1,2023,3,Monday
2023-01-17,17,1,January,1,2023,3,Tuesday
2023-01-18,18,1,January,1,2023,3,Wednesday
2023-01-19,19,1,January,1,2023,3,Thursday
2023-01-20,20,1,January,1,2023,3,Friday
2023-01-21,21,1,January,1,2023,3,Saturday
2023-01-22,22,1,January,1,2023,3,Sunday
2023-01-23,23,1,January,1,2023,4,Monday
2023-01-24,24,1,January,1,2023,4,Tuesday
2023-01-25,25,1,January,1,2023,4,Wednesday
2023-01-26,26,1,January,1,2023,4,Thursday
2023-01-27,27,1,January,1,2023,4,Friday
2023-01-28,28,1,January,1,2023,4,Saturday
2023-01-29,29,1,January,1,2023,4,Sunday
2023-01-30,30,1,January,1,2023,5,Monday
2023-01-31,31,1,January,1,2023,5,Tuesday
2023-02-01,1,2,February,1,2023,5,Wednesday
2023-02-02,2,2,February,1,2023,5,Thursday
2023-02-03,3,2,February,1,2023,5,Friday
2023-02-04,4,2,February,1,2023,5,Saturday
2023-02-05,5,2,February,1,2023,5,Sunday
2023-02-06,6,2,February,1,2023,6,Monday
2023-02-07,7,2,February,1,2023,6,Tuesday
2023-02-08,8,2,February,1,2023,6,Wednesday
2023-02-09,9,2,February,1,2023,6,Thursday
2023-02-10,10,2,February,1,2023,6,Friday
2023-02-11,11,2,February,1,2023,6,Saturday
2023-02-12,12,2,February,1,2023,6,Sunday
2023-02-13,13,2,February,1,2023,7,Monday
2023-02-14,14,2,February,1,2023,7,Tuesday
2023-02-15,15,2,February,1,2023,7,Wednesday
2023-02-16,16,2,February,1,2023,7,Thursday
2023-02-17,17,2,February,1,2023,7,Friday
2023-02-18,18,2,February,1,2023,7,Saturday
2023-02-19,19,2,February,1,2023,7,Sunday
2023-02-20,20,2,February,1,2023,8,Monday
2023-02-21,21,2,February,1,2023,8,Tuesday
2023-02-22,22,2,February,1,2023,8,Wednesday
2023-02-23,23,2,February,1,2023,8,Thursday
2023-02-24,24,2,February,1,2023,8,Friday
2023-02-25,25,2,February,1,2023,8,Saturday
2023-02-26,26,2,February,1,2023,8,Sunday
2023-02-27,27,2,February,1,2023,9,Monday
2023-02-28,28,2,February,1,2023,9,Tuesday
2023-03-01,1,3,March,1,2023,9,Wednesday
2023-03-02,2,3,March,1,2023,9,Thursday
2023-03-03,3,3,March,1,2023,9,Friday
2023-03-04,4,3,March,1,2023,9,Saturday
2023-03-05,5,3,March,1,2023,9,Sunday
2023-03-06,6,3,March,1,2023,10,Monday
2023-03-07,7,3,March,1,2023,10,Tuesday
2023-03-08,8,3,March,1,2023,10,Wednesday
2023-03-09,9,3,March,1,2023,10,Thursday
2023-03-10,10,3,March,1,2023,10,Friday
2023-03-11,11,3,March,1,2023,10,Saturday
2023-03-12,12,3,March,1,2023,10,Sunday
2023-03-13,13,3,March,1,2023,11,Monday
2023-03-14,14,3,March,1,2023,11,Tuesday
2023-03-15,15,3,March,1,2023,11,Wednesday
2023-03-16,16,3,March,1,2023,11,Thursday
2023-03-17,17,3,March,1,2023,11,Friday
2023-03-18,18,3,March,1,2023,11,Saturday
2023-03-19,19,3,March,1,2023,11,Sunday
2023-03-20,20,3,March,1,2023,12,Monday
2023-03-21,21,3,March,1,2023,12,Tuesday
2023-03-22,22,3,March,1,2023,12,Wednesday
2023-03-23,23,3,March,1,2023,12,Thursday
2023-03-24,24,3,March,1,2023,12,Friday
2023-03-25,25,3,March,1,2023,12,Saturday
2023-03-26,26,3,March,1,2023,12,Sunday
2023-03-27,27,3,March,1,2023,13,Monday
2023-03-28,28,3,March,1,2023,13,Tuesday
2023-03-29,29,3,March,1,2023,13,Wednesday
2023-03-30,30,3,March,1,2023,13,Thursday
2023-03-31,31,3,March,1,2023,13,Friday
2023-04-01,1,4,April,2,2023,13,Saturday
2023-04-02,2,4,April,2,2023,13,Sunday
2023-04-03,3,4,April,2,2023,14,Monday
2023-04-04,4,4,April,2,2023,14,Tuesday
2023-04-05,5,4,April,2,2023,14,Wednesday
2023-04-06,6,4,April,2,2023,14,Thursday
2023-04-07,7,4,April,2,2023,14,Friday
2023-04-08,8,4,April,2,2023,14,Saturday
2023-04-09,9,4,April,2,2023,14,Sunday
2023-04-10,10,4,April,2,2023,15,Monday
2023-04-11,11,4,April,2,2023,15,Tuesday
2023-04-12,12,4,April,2,2023,15,Wednesday
2023-04-13,13,4,April,2,2023,15,Thursday
2023-04-14,14,4,April,2,2023,15,Friday
2023-04-15,15,4,April,2,2023,15,Saturday
2023-04-16,16,4,April,2,2023,15,Sunday
2023-04-17,17,4,April,2,2023,16,Monday
2023-04-18,18,4,April,2,2023,16,Tuesday
2023-04-19,19,4,April,2,2023,16,Wednesday
2023-04-20,20,4,April,2,2023,16,Thursday
2023-04-21,21,4,April,2,2023,16,Friday
2023-04-22,22,4,April,2,2023,16,Saturday
2023-04-23,23,4,April,2,2023,16,Sunday
2023-04-24,24,4,April,2,2023,17,Monday
2023-04-25,25,4,April,2,2023,17,Tuesday
2023-04-26,26,4,April,2,2023,17,Wednesday
2023-04-27,27,4,April,2,2023,17,Thursday
2023-04-28,28,4,April,2,2023,17,Friday
2023-04-29,29,4,April,2,2023,17,Saturday
2023-04-30,30,4,April,2,2023,17,Sunday
2023-05-01,1,5,May,2,2023,18,Monday
2023-05-02,2,5,May,2,2023,18,Tuesday
2023-05-03,3,5,May,2,2023,18,Wednesday
2023-05-04,4,5,May,2,2023,18,Thursday
2023-05-05,5,5,May,2,2023,18,Friday
2023-05-06,6,5,May,2,2023,18,Saturday
2023-05-07,7,5,May,2,2023,18,Sunday
2023-05-08,8,5,May,2,2023,19,Monday
2023-05-09,9,5,May,2,2023,19,Tuesday
2023-05-10,10,5,May,2,2023,19,Wednesday
2023-05-11,11,5,May,2,2023,19,Thursday
2023-05-12,12,5,May,2,2023,19,Friday
2023-05-13,13,5,May,2,2023,19,Saturday
2023-05-14,14,5,May,2,2023,19,Sunday
2023-05-15,15,5,May,2,2023,20,Monday
2023-05-16,16,5,May,2,2023,20,Tuesday
2023-05-17,17,5,May,2,2023,20,Wednesday
2023-05-18,18,5,May,2,2023,20,Thursday
2023-05-19,19,5,May,2,2023,20,Friday
2023-05-20,20,5,May,2,2023,20,Saturday
2023-05-21,21,5,May,2,2023,20,Sunday
2023-05-22,22,5,May,2,2023,21,Monday
2023-05-23,23,5,May,2,2023,21,Tuesday
2023-05-24,24,5,May,2,2023,21,Wednesday
2023-05-25,25,5,May,2,2023,21,Thursday
2023-05-26,26,5,May,2,2023,21,Friday
2023-05-27,27,5,May,2,2023,21,Saturday
2023-05-28,28,5,May,2,2023,21,Sunday
2023-05-29,29,5,May,2,2023,22,Monday
2023-05-30,30,5,May,2,2023,22,Tuesday
2023-05-31,31,5,May,2,2023,22,Wednesday
2023-06-01,1,6,June,2,2023,22,Thursday
2023-06-02,2,6,June,2,2023,22,Friday
2023-06-03,3,6,June,2,2023,22,Saturday
2023-06-04,4,6,June,2,2023,22,Sunday
2023-06-05,5,6,June,2,2023,23,Monday
2023-06-06,6,6,June,2,2023,23,Tuesday
2023-06-07,7,6,June,2,2023,23,Wednesday
2023-06-08,8,6,June,2,2023,23,Thursday
2023-06-09,9,6,June,2,2023,23,Friday
2023-06-10,10,6,June,2,2023,23,Saturday
2023-06-11,11,6,June,2,2023,23,Sunday
2023-06-12,12,6,June,2,2023,24,Monday
2023-06-13,13,6,June,2,2023,24,Tuesday
2023-06-14,14,6,June,2,2023,24,Wednesday
2023-06-15,15,6,June,2,2023,24,Thursday
2023-06-16,16,6,June,2,2023,24,Friday
2023-06-17,17,6,June,2,2023,24,Saturday
2023-06-18,18,6,June,2,2023,24,Sunday
2023-06-19,19,6,June,2,2023,25,Monday
2023-06-20,20,6,June,2,2023,25,Tuesday
2023-06-21,21,6,June,2,2023,25,Wednesday
2023-06-22,22,6,June,2,2023,25,Thursday
2023-06-23,23,6,June,2,2023,25,Friday
2023-06-24,24,6,June,2,2023,25,Saturday
2023-06-25,25,6,June,2,2023,25,Sunday
2023-06-26,26,6,June,2,2023,26,Monday
2023-06-27,27,6,June,2,2023,26,Tuesday
2023-06-28,28,6,June,2,2023,26,Wednesday
2023-06-29,29,6,June,2,2023,26,Thursday
2023-06-30,30,6,June,2,2023,26,Friday
2023-07-01,1,7,July,3,2023,26,Saturday
2023-07-02,2,7,July,3,2023,26,Sunday
2023-07-03,3,7,July,3,2023,27,Monday
2023-07-04,4,7,July,3,2023,27,Tuesday
2023-07-05,5,7,July,3,2023,27,Wednesday
2023-07-06,6,7,July,3,2023,27,Thursday
2023-07-07,7,7,July,3,2023,27,Friday
2023-07-08,8,7,July,3,2023,27,Saturday
2023-07-09,9,7,July,3,2023,27,Sunday
2023-07-10,10,7,July,3,2023,28,Monday
2023-07-11,11,7,July,3,2023,28,Tuesday
2023-07-12,12,7,July,3,2023,28,Wednesday
2023-07-13,13,7,July,3,2023,28,Thursday
2023-07-14,14,7,July,3,2023,28,Friday
2023-07-15,15,7,July,3,2023,28,Saturday
2023-07-16,16,7,July,3,2023,28,Sunday
2023-07-17,17,7,July,3,2023,29,Monday
2023-07-18,18,7,July,3,2023,29,Tuesday
2023-07-19,19,7,July,3,2023,29,Wednesday
2023-07-20,20,7,July,3,2023,29,Thursday
2023-07-21,21,7,July,3,2023,29,Friday
2023-07-22,22,7,July,3,2023,29,Saturday
2023-07-23,23,7,July,3,2023,29,Sunday
2023-07-24,24,7,July,3,2023,30,Monday
2023-07-25,25,7,July,3,2023,30,Tuesday
2023-07-26,26,7,July,3,2023,30,Wednesday
2023-07-27,27,7,July,3,2023,30,Thursday
2023-07-28,28,7,July,3,2023,30,Friday
2023-07-29,29,7,July,3,2023,30,Saturday
2023-07-30,30,7,July,3,2023,30,Sunday
2023-07-31,31,7,July,3,2023,31,Monday
2023-08-01,1,8,August,3,2023,31,Tuesday
2023-08-02,2,8,August,3,2023,31,Wednesday
2023-08-03,3,8,August,3,2023,31,Thursday
2023-08-04,4,8,August,3,2023,31,Friday
2023-08-05,5,8,August,3,2023,31,Saturday
2023-08-06,6,8,August,3,2023,31,Sunday
2023-08-07,7,8,August,3,2023,32,Monday
2023-08-08,8,8,August,3,2023,32,Tuesday
2023-08-09,9,8,August,3,2023,32,Wednesday
2023-08-10,10,8,August,3,2023,32,Thursday
2023-08-11,11,8,August,3,2023,32,Friday
2023-08-12,12,8,August,3,2023,32,Saturday
2023-08-13,13,8,August,3,2023,32,Sunday
2023-08-14,14,8,August,3,2023,33,Monday
2023-08-15,15,8,August,3,2023,33,Tuesday
2023-08-16,16,8,August,3,2023,33,Wednesday
2023-08-17,17,8,August,3,2023,33,Thursday
2023-08-18,18,8,August,3,2023,33,Friday
2023-08-19,19,8,August,3,2023,33,Saturday
2023-08-20,20,8,August,3,2023,33,Sunday
2023-08-21,21,8,August,3,2023,34,Monday
2023-08-22,22,8,August,3,2023,34,Tuesday
2023-08-23,23,8,August,3,2023,34,Wednesday
2023-08-24,24,8,August,3,2023,34,Thursday
2023-08-25,25,8,August,3,2023,34,Friday
2023-08-26,26,8,August,3,2023,34,Saturday
2023-08-27,27,8,August,3,2023,34,Sunday
2023-08-28,28,8,August,3,2023,35,Monday
2023-08-29,29,8,August,3,2023,35,Tuesday
2023-08-30,30,8,August,3,2023,35,Wednesday
2023-08-31,31,8,August,3,2023,35,Thursday
2023-09-01,1,9,September,3,2023,35,Friday
2023-09-02,2,9,September,3,2023,35,Saturday
2023-09-03,3,9,September,3,2023,35,Sunday
2023-09-04,4,9,September,3,2023,36,Monday
2023-09-05,5,9,September,3,2023,36,Tuesday
2023-09-06,6,9,September,3,2023,36,Wednesday
2023-09-07,7,9,September,3,2023,36,Thursday
2023-09-08,8,9,September,3,2023,36,Friday
2023-09-09,9,9,September,3,2023,36,Saturday
2023-09-10,10,9,September,3,2023,36,Sunday
2023-09-11,11,9,September,3,2023,37,Monday
2023-09-12,12,9,September,3,2023,37,Tuesday
2023-09-13,13,9,September,3,2023,37,Wednesday
2023-09-14,14,9,September,3,2023,37,Thursday
2023-09-15,15,9,September,3,2023,37,Friday
2023-09-16,16,9,September,3,2023,37,Saturday
2023-09-17,17,9,September,3,2023,37,Sunday
2023-09-18,18,9,September,3,2023,38,Monday
2023-09-19,19,9,September,3,2023,38,Tuesday
2023-09-20,20,9,September,3,2023,38,Wednesday
2023-09-21,21,9,September,3,2023,38,Thursday
2023-09-22,22,9,September,3,2023,38,Friday
2023-09-23,23,9,September,3,2023,38,Saturday
2023-09-24,24,9,September,3,2023,38,Sunday
2023-09-25,25,9,September,3,2023,39,Monday
2023-09-26,26,9,September,3,2023,39,Tuesday
2023-09-27,27,9,September,3,2023,39,Wednesday
2023-09-28,28,9,September,3,2023,39,Thursday
2023-09-29,29,9,September,3,2023,39,Friday
2023-09-30,30,9,September,3,2023,39,Saturday
2023-10-01,1,10,October,4,2023,39,Sunday
2023-10-02,2,10,October,4,2023,40,Monday
2023-10-03,3,10,October,4,2023,40,Tuesday
2023-10-04,4,10,October,4,2023,40,Wednesday
2023-10-05,5,10,October,4,2023,40,Thursday
2023-10-06,6,10,October,4,2023,40,Friday
2023-10-07,7,10,October,4,2023,40,Saturday
2023-10-08,8,10,October,4,2023,40,Sunday
2023-10-09,9,10,October,4,2023,41,Monday
2023-10-10,10,10,October,4,2023,41,Tuesday
2023-10-11,11,10,October,4,2023,41,Wednesday
2023-10-12,12,10,October,4,2023,41,Thursday
2023-10-13,13,10,October,4,2023,41,Friday
2023-10-14,14,10,October,4,2023,41,Saturday
2023-10-15,15,10,October,4,2023,41,Sunday
2023-10-16,16,10,October,4,2023,42,Monday
2023-10-17,17,10,October,4,2023,42,Tuesday
2023-10-18,18,10,October,4,2023,42,Wednesday
2023-10-19,19,10,October,4,2023,42,Thursday
2023-10-20,20,10,October,4,2023,42,Friday
2023-10-21,21,10,October,4,2023,42,Saturday
2023-10-22,22,10,October,4,2023,42,Sunday
2023-10-23,23,10,October,4,2023,43,Monday
2023-10-24,24,10,October,4,2023,43,Tuesday
2023-10-25,25,10,October,4,2023,43,Wednesday
2023-10-26,26,10,October,4,2023,43,Thursday
2023-10-27,27,10,October,4,2023,43,Friday
2023-10-28,28,10,October,4,2023,43,Saturday
2023-10-29,29,10,October,4,2023,43,Sunday
2023-10-30,30,10,October,4,2023,44,Monday
2023-10-31,31,10,October,4,2023,44,Tuesday
2023-11-01,1,11,November,4,2023,44,Wednesday
2023-11-02,2,11,November,4,2023,44,Thursday
2023-11-03,3,11,November,4,2023,44,Friday
2023-11-04,4,11,November,4,2023,44,Saturday
2023-11-05,5,11,November,4,2023,44,Sunday
2023-11-06,6,11,November,4,2023,45,Monday
2023-11-07,7,11,November,4,2023,45,Tuesday
2023-11-08,8,11,November,4,2023,45,Wednesday
2023-11-09,9,11,November,4,2023,45,Thursday
2023-11-10,10,11,November,4,2023,45,Friday
2023-11-11,11,11,November,4,2023,45,Saturday
2023-11-12,12,11,November,4,2023,45,Sunday
2023-11-13,13,11,November,4,2023,46,Monday
2023-11-14,14,11,November,4,2023,46,Tuesday
2023-11-15,15,11,November,4,2023,46,Wednesday
2023-11-16,16,11,November,4,2023,46,Thursday
2023-11-17,17,11,November,4,2023,46,Friday
2023-11-18,18,11,November,4,2023,46,Saturday
2023-11-19,19,11,November,4,2023,46,Sunday
2023-11-20,20,11,November,4,2023,47,Monday
2023-11-21,21,11,November,4,2023,47,Tuesday
2023-11-22,22,11,November,4,2023,47,Wednesday
2023-11-23,23,11,November,4,2023,47,Thursday
2023-11-24,24,11,November,4,2023,47,Friday
2023-11-25,25,11,November,4,2023,47,Saturday
2023-11-26,26,11,November,4,2023,47,Sunday
2023-11-27,27,11,November,4,2023,48,Monday
2023-11-28,28,11,November,4,2023,48,Tuesday
2023-11-29,29,11,November,4,2023,48,Wednesday
2023-11-30,30,11,November,4,2023,48,Thursday
2023-12-01,1,12,December,4,2023,48,Friday
2023-12-02,2,12,December,4,2023,48,Saturday
2023-12-03,3,12,December,4,2023,48,Sunday
2023-12-04,4,12,December,4,2023,49,Monday
2023-12-05,5,12,December,4,2023,49,Tuesday
2023-12-06,6,12,December,4,2023,49,Wednesday
2023-12-07,7,12,December,4,2023,49,Thursday
2023-12-08,8,12,December,4,2023,49,Friday
2023-12-09,9,12,December,4,2023,49,Saturday
2023-12-10,10,12,December,4,2023,49,Sunday
2023-12-11,11,12,December,4,2023,50,Monday
2023-12-12,12,12,December,4,2023,50,Tuesday
2023-12-13,13,12,December,4,2023,50,Wednesday
2023-12-14,14,12,December,4,2023,50,Thursday
2023-12-15,15,12,December,4,2023,50,Friday
2023-12-16,16,12,December,4,2023,50,Saturday
2023-12-17,17,12,December,4,2023,50,Sunday
2023-12-18,18,12,December,4,2023,51,Monday
2023-12-19,19,12,December,4,2023,51,Tuesday
2023-12-20,20,12,December,4,2023,51,Wednesday
2023-12-21,21,12,December,4,2023,51,Thursday
2023-12-22,22,12,December,4,2023,51,Friday
2023-12-23,23,12,December,4,2023,51,Saturday
2023-12-24,24,12,December,4,2023,51,Sunday
2023-12-25,25,12,December,4,2023,52,Monday
2023-12-26,26,12,December,4,2023,52,Tuesday
2023-12-27,27,12,December,4,2023,52,Wednesday
2023-12-28,28,12,December,4,2023,52,Thursday
2023-12-29,29,12,December,4,2023,52,Friday
2023-12-30,30,12,December,4,2023,52,Saturday
2023-12-31,31,12,December,4,2023,52,Sunday
2024-01-01,1,1,January,1,2024,1,Monday
2024-01-02,2,1,January,1,2024,1,Tuesday
2024-01-03,3,1,January,1,2024,1,Wednesday
2024-01-04,4,1,January,1,2024,1,Thursday
2024-01-05,5,1,January,1,2024,1,Friday
2024-01-06,6,1,January,1,2024,1,Saturday
2024-01-07,7,1,January,1,2024,1,Sunday
2024-01-08,8,1,January,1,2024,2,Monday
2024-01-09,9,1,January,1,2024,2,Tuesday
2024-01-10,10,1,January,1,2024,2,Wednesday
2024-01-11,11,1,January,1,2024,2,Thursday
2024-01-12,12,1,January,1,2024,2,Friday
2024-01-13,13,1,January,1,2024,2,Saturday
2024-01-14,14,1,January,1,2024,2,Sunday
2024-01-15,15,1,January,1,2024,3,Monday
2024-01-16,16,1,January,1,2024,3,Tuesday
2024-01-17,17,1,January,1,2024,3,Wednesday
2024-01-18,18,1,January,1,2024,3,Thursday
2024-01-19,19,1,January,1,2024,3,Friday
2024-01-20,20,1,January,1,2024,3,Saturday
2024-01-21,21,1,January,1,2024,3,Sunday
2024-01-22,22,1,January,1,2024,4,Monday
2024-01-23,23,1,January,1,2024,4,Tuesday
2024-01-24,24,1,January,1,2024,4,Wednesday
2024-01-25,25,1,January,1,2024,4,Thursday
2024-01-26,26,1,January,1,2024,4,Friday
2024-01-27,27,1,January,1,2024,4,Saturday
2024-01-28,28,1,January,1,2024,4,Sunday
2024-01-29,29,1,January,1,2024,5,Monday
2024-01-30,30,1,January,1,2024,5,Tuesday
2024-01-31,31,1,January,1,2024,5,Wednesday
2024-02-01,1,2,February,1,2024,5,Thursday
2024-02-02,2,2,February,1,2024,5,Friday
2024-02-03,3,2,February,1,2024,5,Saturday
2024-02-04,4,2,February,1,2024,5,Sunday
2024-02-05,5,2,February,1,2024,6,Monday
2024-02-06,6,2,February,1,2024,6,Tuesday
2024-02-07,7,2,February,1,2024,6,Wednesday
2024-02-08,8,2,February,1,2024,6,Thursday
2024-02-09,9,2,February,1,2024,6,Friday
2024-02-10,10,2,February,1,2024,6,Saturday
2024-02-11,11,2,February,1,2024,6,Sunday
2024-02-12,12,2,February,1,2024,7,Monday
2024-02-13,13,2,February,1,2024,7,Tuesday
2024-02-14,14,2,February,1,2024,7,Wednesday
2024-02-15,15,2,February,1,2024,7,Thursday
2024-02-16,16,2,February,1,2024,7,Friday
2024-02-17,17,2,February,1,2024,7,Saturday
2024-02-18,18,2,February,1,2024,7,Sunday
2024-02-19,19,2,February,1,2024,8,Monday
2024-02-20,20,2,February,1,2024,8,Tuesday
2024-02-21,21,2,February,1,2024,8,Wednesday
2024-02-22,22,2,February,1,2024,8,Thursday
2024-02-23,23,2,February,1,2024,8,Friday
2024-02-24,24,2,February,1,2024,8,Saturday
2024-02-25,25,2,February,1,2024,8,Sunday
2024-02-26,26,2,February,1,2024,9,Monday
2024-02-27,27,2,February,1,2024,9,Tuesday
2024-02-28,28,2,February,1,2024,9,Wednesday
2024-02-29,29,2,February,1,2024,9,Thursday
2024-03-01,1,3,March,1,2024,9,Friday
2024-03-02,2,3,March,1,2024,9,Saturday
2024-03-03,3,3,March,1,2024,9,Sunday
2024-03-04,4,3,March,1,2024,10,Monday
2024-03-05,5,3,March,1,2024,10,Tuesday
2024-03-06,6,3,March,1,2024,10,Wednesday
2024-03-07,7,3,March,1,2024,10,Thursday
2024-03-08,8,3,March,1,2024,10,Friday
2024-03-09,9,3,March,1,2024,10,Saturday
2024-03-10,10,3,March,1,2024,10,Sunday
2024-03-11,11,3,March,1,2024,11,Monday
2024-03-12,12,3,March,1,2024,11,Tuesday
2024-03-13,13,3,March,1,2024,11,Wednesday
2024-03-14,14,3,March,1,2024,11,Thursday
2024-03-15,15,3,March,1,2024,11,Friday
2024-03-16,16,3,March,1,2024,11,Saturday
2024-03-17,17,3,March,1,2024,11,Sunday
2024-03-18,18,3,March,1,2024,12,Monday
2024-03-19,19,3,March,1,2024,12,Tuesday
2024-03-20,20,3,March,1,2024,12,Wednesday
2024-03-21,21,3,March,1,2024,12,Thursday
2024-03-22,22,3,March,1,2024,12,Friday
2024-03-23,23,3,March,1,2024,12,Saturday
2024-03-24,24,3,March,1,2024,12,Sunday
2024-03-25,25,3,March,1,2024,13,Monday
2024-03-26,26,3,March,1,2024,13,Tuesday
2024-03-27,27,3,March,1,2024,13,Wednesday
2024-03-28,28,3,March,1,2024,13,Thursday
2024-03-29,29,3,March,1,2024,13,Friday
2024-03-30,30,3,March,1,2024,13,Saturday
2024-03-31,31,3,March,1,2024,13,Sunday
2024-04-01,1,4,April,2,2024,14,Monday
2024-04-02,2,4,April,2,2024,14,Tuesday
2024-04-03,3,4,April,2,2024,14,Wednesday
2024-04-04,4,4,April,2,2024,14,Thursday
2024-04-05,5,4,April,2,2024,14,Friday
2024-04-06,6,4,April,2,2024,14,Saturday
2024-04-07,7,4,April,2,2024,14,Sunday
2024-04-08,8,4,April,2,2024,15,Monday
2024-04-09,9,4,April,2,2024,15,Tuesday
2024-04-10,10,4,April,2,2024,15,Wednesday
2024-04-11,11,4,April,2,2024,15,Thursday
2024-04-12,12,4,April,2,2024,15,Friday
2024-04-13,13,4,April,2,2024,15,Saturday
2024-04-14,14,4,April,2,2024,15,Sunday
2024-04-15,15,4,April,2,2024,16,Monday
2024-04-16,16,4,April,2,2024,16,Tuesday
2024-04-17,17,4,April,2,2024,16,Wednesday
2024-04-18,18,4,April,2,2024,16,Thursday
2024-04-19,19,4,April,2,2024,16,Friday
2024-04-20,20,4,April,2,2024,16,Saturday
2024-04-21,21,4,April,2,2024,16,Sunday
2024-04-22,22,4,April,2,2024,17,Monday
2024-04-23,23,4,April,2,2024,17,Tuesday
2024-04-24,24,4,April,2,2024,17,Wednesday
2024-04-25,25,4,April,2,2024,17,Thursday
2024-04-26,26,4,April,2,2024,17,Friday
2024-04-27,27,4,April,2,2024,17,Saturday
2024-04-28,28,4,April,2,2024,17,Sunday
2024-04-29,29,4,April,2,2024,18,Monday
2024-04-30,30,4,April,2,2024,18,Tuesday
2024-05-01,1,5,May,2,2024,18,Wednesday
2024-05-02,2,5,May,2,2024,18,Thursday
2024-05-03,3,5,May,2,2024,18,Friday
2024-05-04,4,5,May,2,2024,18,Saturday
2024-05-05,5,5,May,2,2024,18,Sunday
2024-05-06,6,5,May,2,2024,19,Monday
2024-05-07,7,5,May,2,2024,19,Tuesday
2024-05-08,8,5,May,2,2024,19,Wednesday
2024-05-09,9,5,May,2,2024,19,Thursday
2024-05-10,10,5,May,2,2024,19,Friday
2024-05-11,11,5,May,2,2024,19,Saturday
2024-05-12,12,5,May,2,2024,19,Sunday
2024-05-13,13,5,May,2,2024,20,Monday
2024-05-14,14,5,May,2,2024,20,Tuesday
2024-05-15,15,5,May,2,2024,20,Wednesday
2024-05-16,16,5,May,2,2024,20,Thursday
2024-05-17,17,5,May,2,2024,20,Friday
2024-05-18,18,5,May,2,2024,20,Saturday
2024-05-19,19,5,May,2,2024,20,Sunday
2024-05-20,20,5,May,2,2024,21,Monday
2024-05-21,21,5,May,2,2024,21,Tuesday
2024-05-22,22,5,May,2,2024,21,Wednesday
2024-05-23,23,5,May,2,2024,21,Thursday
2024-05-24,24,5,May,2,2024,21,Friday
2024-05-25,25,5,May,2,2024,21,Saturday
2024-05-26,26,5,May,2,2024,21,Sunday
2024-05-27,27,5,May,2,2024,22,Monday
2024-05-28,28,5,May,2,2024,22,Tuesday
2024-05-29,29,5,May,2,2024,22,Wednesday
2024-05-30,30,5,May,2,2024,22,Thursday
2024-05-31,31,5,May,2,2024,22,Friday
2024-06-01,1,6,June,2,2024,22,Saturday
2024-06-02,2,6,June,2,2024,22,Sunday
2024-06-03,3,6,June,2,2024,23,Monday
2024-06-04,4,6,June,2,2024,23,Tuesday
2024-06-05,5,6,June,2,2024,23,Wednesday
2024-06-06,6,6,June,2,2024,23,Thursday
2024-06-07,7,6,June,2,2024,23,Friday
2024-06-08,8,6,June,2,2024,23,Saturday
2024-06-09,9,6,June,2,2024,23,Sunday
2024-06-10,10,6,June,2,2024,24,Monday
2024-06-11,11,6,June,2,2024,24,Tuesday
2024-06-12,12,6,June,2,2024,24,Wednesday
2024-06-13,13,6,June,2,2024,24,Thursday
2024-06-14,14,6,June,2,2024,24,Friday
2024-06-15,15,6,June,2,2024,24,Saturday
2024-06-16,16,6,June,2,2024,24,Sunday
2024-06-17,17,6,June,2,2024,25,Monday
2024-06-18,18,6,June,2,2024,25,Tuesday
2024-06-19,19,6,June,2,2024,25,Wednesday
2024-06-20,20,6,June,2,2024,25,Thursday
2024-06-21,21,6,June,2,2024,25,Friday
2024-06-22,22,6,June,2,2024,25,Saturday
2024-06-23,23,6,June,2,2024,25,Sunday
2024-06-24,24,6,June,2,2024,26,Monday
2024-06-25,25,6,June,2,2024,26,Tuesday
2024-06-26,26,6,June,2,2024,26,Wednesday
2024-06-27,27,6,June,2,2024,26,Thursday
2024-06-28,28,6,June,2,2024,26,Friday
2024-06-29,29,6,June,2,2024,26,Saturday
2024-06-30,30,6,June,2,2024,26,Sunday
2024-07-01,1,7,July,3,2024,27,Monday
2024-07-02,2,7,July,3,2024,27,Tuesday
2024-07-03,3,7,July,3,2024,27,Wednesday
2024-07-04,4,7,July,3,2024,27,Thursday
2024-07-05,5,7,July,3,2024,27,Friday
2024-07-06,6,7,July,3,2024,27,Saturday
2024-07-07,7,7,July,3,2024,27,Sunday
2024-07-08,8,7,July,3,2024,28,Monday
2024-07-09,9,7,July,3,2024,28,Tuesday
2024-07-10,10,7,July,3,2024,28,Wednesday
2024-07-11,11,7,July,3,2024,28,Thursday
2024-07-12,12,7,July,3,2024,28,Friday
2024-07-13,13,7,July,3,2024,28,Saturday
2024-07-14,14,7,July,3,2024,28,Sunday
2024-07-15,15,7,July,3,2024,29,Monday
2024-07-16,16,7,July,3,2024,29,Tuesday
2024-07-17,17,7,July,3,2024,29,Wednesday
2024-07-18,18,7,July,3,2024,29,Thursday
2024-07-19,19,7,July,3,2024,29,Friday
2024-07-20,20,7,July,3,2024,29,Saturday
2024-07-21,21,7,July,3,2024,29,Sunday
2024-07-22,22,7,July,3,2024,30,Monday
2024-07-23,23,7,July,3,2024,30,Tuesday
2024-07-24,24,7,July,3,2024,30,Wednesday
2024-07-25,25,7,July,3,2024,30,Thursday
2024-07-26,26,7,July,3,2024,30,Friday
2024-07-27,27,7,July,3,2024,30,Saturday
2024-07-28,28,7,July,3,2024,30,Sunday
2024-07-29,29,7,July,3,2024,31,Monday
2024-07-30,30,7,July,3,2024,31,Tuesday
2024-07-31,31,7,July,3,2024,31,Wednesday
2024-08-01,1,8,August,3,2024,31,Thursday
2024-08-02,2,8,August,3,2024,31,Friday
2024-08-03,3,8,August,3,2024,31,Saturday
2024-08-04,4,8,August,3,2024,31,Sunday
2024-08-05,5,8,August,3,2024,32,Monday
2024-08-06,6,8,August,3,2024,32,Tuesday
2024-08-07,7,8,August,3,2024,32,Wednesday
2024-08-08,8,8,August,3,2024,32,Thursday
2024-08-09,9,8,August,3,2024,32,Friday
2024-08-10,10,8,August,3,2024,32,Saturday
2024-08-11,11,8,August,3,2024,32,Sunday
2024-08-12,12,8,August,3,2024,33,Monday
2024-08-13,13,8,August,3,2024,33,Tuesday
2024-08-14,14,8,August,3,2024,33,Wednesday
2024-08-15,15,8,August,3,2024,33,Thursday
2024-08-16,16,8,August,3,2024,33,Friday
2024-08-17,17,8,August,3,2024,33,Saturday
2024-08-18,18,8,August,3,2024,33,Sunday
2024-08-19,19,8,August,3,2024,34,Monday
2024-08-20,20,8,August,3,2024,34,Tuesday
2024-08-21,21,8,August,3,2024,34,Wednesday
2024-08-22,22,8,August,3,2024,34,Thursday
2024-08-23,23,8,August,3,2024,34,Friday
2024-08-24,24,8,August,3,2024,34,Saturday
2024-08-25,25,8,August,3,2024,34,Sunday
2024-08-26,26,8,August,3,2024,35,Monday
2024-08-27,27,8,August,3,2024,35,Tuesday
2024-08-28,28,8,August,3,2024,35,Wednesday
2024-08-29,29,8,August,3,2024,35,Thursday
2024-08-30,30,8,August,3,2024,35,Friday
2024-08-31,31,8,August,3,2024,35,Saturday
2024-09-01,1,9,September,3,2024,35,Sunday
2024-09-02,2,9,September,3,2024,36,Monday
2024-09-03,3,9,September,3,2024,36,Tuesday
2024-09-04,4,9,September,3,2024,36,Wednesday
2024-09-05,5,9,September,3,2024,36,Thursday
2024-09-06,6,9,September,3,2024,36,Friday
2024-09-07,7,9,September,3,2024,36,Saturday
2024-09-08,8,9,September,3,2024,36,Sunday
2024-09-09,9,9,September,3,2024,37,Monday
2024-09-10,10,9,September,3,2024,37,Tuesday
2024-09-11,11,9,September,3,2024,37,Wednesday
2024-09-12,12,9,September,3,2024,37,Thursday
2024-09-13,13,9,September,3,2024,37,Friday
2024-09-14,14,9,September,3,2024,37,Saturday
2024-09-15,15,9,September,3,2024,37,Sunday
2024-09-16,16,9,September,3,2024,38,Monday
2024-09-17,17,9,September,3,2024,38,Tuesday
2024-09-18,18,9,September,3,2024,38,Wednesday
2024-09-19,19,9,September,3,2024,38,Thursday
2024-09-20,20,9,September,3,2024,38,Friday
2024-09-21,21,9,September,3,2024,38,Saturday
2024-09-22,22,9,September,3,2024,38,Sunday
2024-09-23,23,9,September,3,2024,39,Monday
2024-09-24,24,9,September,3,2024,39,Tuesday
2024-09-25,25,9,September,3,2024,39,Wednesday
2024-09-26,26,9,September,3,2024,39,Thursday
2024-09-27,27,9,September,3,2024,39,Friday
2024-09-28,28,9,September,3,2024,39,Saturday
2024-09-29,29,9,September,3,2024,39,Sunday
2024-09-30,30,9,September,3,2024,40,Monday
2024-10-01,1,10,October,4,2024,40,Tuesday
2024-10-02,2,10,October,4,2024,40,Wednesday
2024-10-03,3,10,October,4,2024,40,Thursday
2024-10-04,4,10,October,4,2024,40,Friday
2024-10-05,5,10,October,4,2024,40,Saturday
2024-10-06,6,10,October,4,2024,40,Sunday
2024-10-07,7,10,October,4,2024,41,Monday
2024-10-08,8,10,October,4,2024,41,Tuesday
2024-10-09,9,10,October,4,2024,41,Wednesday
2024-10-10,10,10,October,4,2024,41,Thursday
2024-10-11,11,10,October,4,2024,41,Friday
2024-10-12,12,10,October,4,2024,41,Saturday
2024-10-13,13,10,October,4,2024,41,Sunday
2024-10-14,14,10,October,4,2024,42,Monday
2024-10-15,15,10,October,4,2024,42,Tuesday
2024-10-16,16,10,October,4,2024,42,Wednesday
2024-10-17,17,10,October,4,2024,42,Thursday
2024-10-18,18,10,October,4,2024,42,Friday
2024-10-19,19,10,October,4,2024,42,Saturday
2024-10-20,20,10,October,4,2024,42,Sunday
2024-10-21,21,10,October,4,2024,43,Monday
2024-10-22,22,10,October,4,2024,43,Tuesday
2024-10-23,23,10,October,4,2024,43,Wednesday
2024-10-24,24,10,October,4,2024,43,Thursday
2024-10-25,25,10,October,4,2024,43,Friday
2024-10-26,26,10,October,4,2024,43,Saturday
2024-10-27,27,10,October,4,2024,43,Sunday
2024-10-28,28,10,October,4,2024,44,Monday
2024-10-29,29,10,October,4,2024,44,Tuesday
2024-10-30,30,10,October,4,2024,44,Wednesday
2024-10-31,31,10,October,4,2024,44,Thursday
2024-11-01,1,11,November,4,2024,44,Friday
2024-11-02,2,11,November,4,2024,44,Saturday
2024-11-03,3,11,November,4,2024,44,Sunday
2024-11-04,4,11,November,4,2024,45,Monday
2024-11-05,5,11,November,4,2024,45,Tuesday
2024-11-06,6,11,November,4,2024,45,Wednesday
2024-11-07,7,11,November,4,2024,45,Thursday
2024-11-08,8,11,November,4,2024,45,Friday
2024-11-09,9,11,November,4,2024,45,Saturday
2024-11-10,10,11,November,4,2024,45,Sunday
2024-11-11,11,11,November,4,2024,46,Monday
2024-11-12,12,11,November,4,2024,46,Tuesday
2024-11-13,13,11,November,4,2024,46,Wednesday
2024-11-14,14,11,November,4,2024,46,Thursday
2024-11-15,15,11,November,4,2024,46,Friday
2024-11-16,16,11,November,4,2024,46,Saturday
2024-11-17,17,11,November,4,2024,46,Sunday
2024-11-18,18,11,November,4,2024,47,Monday
2024-11-19,19,11,November,4,2024,47,Tuesday
2024-11-20,20,11,November,4,2024,47,Wednesday
2024-11-21,21,11,November,4,2024,47,Thursday
2024-11-22,22,11,November,4,2024,47,Friday
2024-11-23,23,11,November,4,2024,47,Saturday
2024-11-24,24,11,November,4,2024,47,Sunday
2024-11-25,25,11,November,4,2024,48,Monday
2024-11-26,26,11,November,4,2024,48,Tuesday
2024-11-27,27,11,November,4,2024,48,Wednesday
2024-11-28,28,11,November,4,2024,48,Thursday
2024-11-29,29,11,November,4,2024,48,Friday
2024-11-30,30,11,November,4,2024,48,Saturday
2024-12-01,1,12,December,4,2024,48,Sunday
2024-12-02,2,12,December,4,2024,49,Monday
2024-12-03,3,12,December,4,2024,49,Tuesday
2024-12-04,4,12,December,4,2024,49,Wednesday
2024-12-05,5,12,December,4,2024,49,Thursday
2024-12-06,6,12,December,4,2024,49,Friday
2024-12-07,7,12,December,4,2024,49,Saturday
2024-12-08,8,12,December,4,2024,49,Sunday
2024-12-09,9,12,December,4,2024,50,Monday
2024-12-10,10,12,December,4,2024,50,Tuesday
2024-12-11,11,12,December,4,2024,50,Wednesday
2024-12-12,12,12,December,4,2024,50,Thursday
2024-12-13,13,12,December,4,2024,50,Friday
2024-12-14,14,12,December,4,2024,50,Saturday
2024-12-15,15,12,December,4,2024,50,Sunday
2024-12-16,16,12,December,4,2024,51,Monday
2024-12-17,17,12,December,4,2024,51,Tuesday
2024-12-18,18,12,December,4,2024,51,Wednesday
2024-12-19,19,12,December,4,2024,51,Thursday
2024-12-20,20,12,December,4,2024,51,Friday
2024-12-21,21,12,December,4,2024,51,Saturday
2024-12-22,22,12,December,4,2024,51,Sunday
2024-12-23,23,12,December,4,2024,52,Monday
2024-12-24,24,12,December,4,2024,52,Tuesday
2024-12-25,25,12,December,4,2024,52,Wednesday
2024-12-26,26,12,December,4,2024,52,Thursday
2024-12-27,27,12,December,4,2024,52,Friday
2024-12-28,28,12,December,4,2024,52,Saturday
2024-12-29,29,12,December,4,2024,52,Sunday
2024-12-30,30,12,December,4,2024,1,Monday
2024-12-31,31,12,December,4,2024,1,Tuesday
2025-01-01,1,1,January,1,2025,1,Wednesday
2025-01-02,2,1,January,1,2025,1,Thursday
2025-01-03,3,1,January,1,2025,1,Friday
2025-01-04,4,1,January,1,2025,1,Saturday
2025-01-05,5,1,January,1,2025,1,Sunday
2025-01-06,6,1,January,1,2025,2,Monday
2025-01-07,7,1,January,1,2025,2,Tuesday
2025-01-08,8,1,January,1,2025,2,Wednesday
2025-01-09,9,1,January,1,2025,2,Thursday
2025-01-10,10,1,January,1,2025,2,Friday
2025-01-11,11,1,January,1,2025,2,Saturday
2025-01-12,12,1,January,1,2025,2,Sunday
2025-01-13,13,1,January,1,2025,3,Monday
2025-01-14,14,1,January,1,2025,3,Tuesday
2025-01-15,15,1,January,1,2025,3,Wednesday
2025-01-16,16,1,January,1,2025,3,Thursday
2025-01-17,17,1,January,1,2025,3,Friday
2025-01-18,18,1,January,1,2025,3,Saturday
2025-01-19,19,1,January,1,2025,3,Sunday
2025-01-20,20,1,January,1,2025,4,Monday
2025-01-21,21,1,January,1,2025,4,Tuesday
2025-01-22,22,1,January,1,2025,4,Wednesday
2025-01-23,23,1,January,1,2025,4,Thursday
2025-01-24,24,1,January,1,2025,4,Friday
2025-01-25,25,1,January,1,2025,4,Saturday
2025-01-26,26,1,January,1,2025,4,Sunday
2025-01-27,27,1,January,1,2025,5,Monday
2025-01-28,28,1,January,1,2025,5,Tuesday
2025-01-29,29,1,January,1,2025,5,Wednesday
2025-01-30,30,1,January,1,2025,5,Thursday
2025-01-31,31,1,January,1,2025,5,Friday
2025-02-01,1,2,February,1,2025,5,Saturday
2025-02-02,2,2,February,1,2025,5,Sunday
2025-02-03,3,2,February,1,2025,6,Monday
2025-02-04,4,2,February,1,2025,6,Tuesday
2025-02-05,5,2,February,1,2025,6,Wednesday
2025-02-06,6,2,February,1,2025,6,Thursday
2025-02-07,7,2,February,1,2025,6,Friday
2025-02-08,8,2,February,1,2025,6,Saturday
2025-02-09,9,2,February,1,2025,6,Sunday
2025-02-10,10,2,February,1,2025,7,Monday
2025-02-11,11,2,February,1,2025,7,Tuesday
2025-02-12,12,2,February,1,2025,7,Wednesday
2025-02-13,13,2,February,1,2025,7,Thursday
2025-02-14,14,2,February,1,2025,7,Friday
2025-02-15,15,2,February,1,2025,7,Saturday
2025-02-16,16,2,February,1,2025,7,Sunday
2025-02-17,17,2,February,1,2025,8,Monday
2025-02-18,18,2,February,1,2025,8,Tuesday
2025-02-19,19,2,February,1,2025,8,Wednesday
2025-02-20,20,2,February,1,2025,8,Thursday
2025-02-21,21,2,February,1,2025,8,Friday
2025-02-22,22,2,February,1,2025,8,Saturday
2025-02-23,23,2,February,1,2025,8,Sunday
2025-02-24,24,2,February,1,2025,9,Monday
2025-02-25,25,2,February,1,2025,9,Tuesday
2025-02-26,26,2,February,1,2025,9,Wednesday
2025-02-27,27,2,February,1,2025,9,Thursday
2025-02-28,28,2,February,1,2025,9,Friday
2025-03-01,1,3,March,1,2025,9,Saturday
2025-03-02,2,3,March,1,2025,9,Sunday
2025-03-03,3,3,March,1,2025,10,Monday
2025-03-04,4,3,March,1,2025,10,Tuesday
2025-03-05,5,3,March,1,2025,10,Wednesday
2025-03-06,6,3,March,1,2025,10,Thursday
2025-03-07,7,3,March,1,2025,10,Friday
2025-03-08,8,3,March,1,2025,10,Saturday
2025-03-09,9,3,March,1,2025,10,Sunday
2025-03-10,10,3,March,1,2025,11,Monday
2025-03-11,11,3,March,1,2025,11,Tuesday
2025-03-12,12,3,March,1,2025,11,Wednesday
2025-03-13,13,3,March,1,2025,11,Thursday
2025-03-14,14,3,March,1,2025,11,Friday
2025-03-15,15,3,March,1,2025,11,Saturday
2025-03-16,16,3,March,1,2025,11,Sunday
2025-03-17,17,3,March,1,2025,12,Monday
2025-03-18,18,3,March,1,2025,12,Tuesday
2025-03-19,19,3,March,1,2025,12,Wednesday
2025-03-20,20,3,March,1,2025,12,Thursday
2025-03-21,21,3,March,1,2025,12,Friday
2025-03-22,22,3,March,1,2025,12,Saturday
2025-03-23,23,3,March,1,2025,12,Sunday
2025-03-24,24,3,March,1,2025,13,Monday
2025-03-25,25,3,March,1,2025,13,Tuesday
2025-03-26,26,3,March,1,2025,13,Wednesday
2025-03-27,27,3,March,1,2025,13,Thursday
2025-03-28,28,3,March,1,2025,13,Friday
2025-03-29,29,3,March,1,2025,13,Saturday
2025-03-30,30,3,March,1,2025,13,Sunday
2025-03-31,31,3,March,1,2025,14,Monday
2025-04-01,1,4,April,2,2025,14,Tuesday
2025-04-02,2,4,April,2,2025,14,Wednesday
2025-04-03,3,4,April,2,2025,14,Thursday
2025-04-04,4,4,April,2,2025,14,Friday
2025-04-05,5,4,April,2,2025,14,Saturday
2025-04-06,6,4,April,2,2025,14,Sunday
2025-04-07,7,4,April,2,2025,15,Monday
2025-04-08,8,4,April,2,2025,15,Tuesday
2025-04-09,9,4,April,2,2025,15,Wednesday
2025-04-10,10,4,April,2,2025,15,Thursday
2025-04-11,11,4,April,2,2025,15,Friday
2025-04-12,12,4,April,2,2025,15,Saturday
2025-04-13,13,4,April,2,2025,15,Sunday
2025-04-14,14,4,April,2,2025,16,Monday
2025-04-15,15,4,April,2,2025,16,Tuesday
2025-04-16,16,4,April,2,2025,16,Wednesday
2025-04-17,17,4,April,2,2025,16,Thursday
2025-04-18,18,4,April,2,2025,16,Friday
2025-04-19,19,4,April,2,2025,16,Saturday
2025-04-20,20,4,April,2,2025,16,Sunday
2025-04-21,21,4,April,2,2025,17,Monday
2025-04-22,22,4,April,2,2025,17,Tuesday
2025-04-23,23,4,April,2,2025,17,Wednesday
2025-04-24,24,4,April,2,2025,17,Thursday
2025-04-25,25,4,April,2,2025,17,Friday
2025-04-26,26,4,April,2,2025,17,Saturday
2025-04-27,27,4,April,2,2025,17,Sunday
2025-04-28,28,4,April,2,2025,18,Monday
2025-04-29,29,4,April,2,2025,18,Tuesday
2025-04-30,30,4,April,2,2025,18,Wednesday
2025-05-01,1,5,May,2,2025,18,Thursday
2025-05-02,2,5,May,2,2025,18,Friday
2025-05-03,3,5,May,2,2025,18,Saturday
2025-05-04,4,5,May,2,2025,18,Sunday
2025-05-05,5,5,May,2,2025,19,Monday
2025-05-06,6,5,May,2,2025,19,Tuesday
2025-05-07,7,5,May,2,2025,19,Wednesday
2025-05-08,8,5,May,2,2025,19,Thursday
2025-05-09,9,5,May,2,2025,19,Friday
2025-05-10,10,5,May,2,2025,19,Saturday
2025-05-11,11,5,May,2,2025,19,Sunday
2025-05-12,12,5,May,2,2025,20,Monday
2025-05-13,13,5,May,2,2025,20,Tuesday
2025-05-14,14,5,May,2,2025,20,Wednesday
2025-05-15,15,5,May,2,2025,20,Thursday
2025-05-16,16,5,May,2,2025,20,Friday
2025-05-17,17,5,May,2,2025,20,Saturday
2025-05-18,18,5,May,2,2025,20,Sunday
2025-05-19,19,5,May,2,2025,21,Monday
2025-05-20,20,5,May,2,2025,21,Tuesday
2025-05-21,21,5,May,2,2025,21,Wednesday
2025-05-22,22,5,May,2,2025,21,Thursday
2025-05-23,23,5,May,2,2025,21,Friday
2025-05-24,24,5,May,2,2025,21,Saturday
2025-05-25,25,5,May,2,2025,21,Sunday
2025-05-26,26,5,May,2,2025,22,Monday
2025-05-27,27,5,May,2,2025,22,Tuesday
2025-05-28,28,5,May,2,2025,22,Wednesday
2025-05-29,29,5,May,2,2025,22,Thursday
2025-05-30,30,5,May,2,2025,22,Friday
2025-05-31,31,5,May,2,2025,22,Saturday
2025-06-01,1,6,June,2,2025,22,Sunday
2025-06-02,2,6,June,2,2025,23,Monday
2025-06-03,3,6,June,2,2025,23,Tuesday
2025-06-04,4,6,June,2,2025,23,Wednesday
2025-06-05,5,6,June,2,2025,23,Thursday
2025-06-06,6,6,June,2,2025,23,Friday
2025-06-07,7,6,June,2,2025,23,Saturday
2025-06-08,8,6,June,2,2025,23,Sunday
2025-06-09,9,6,June,2,2025,24,Monday
2025-06-10,10,6,June,2,2025,24,Tuesday
2025-06-11,11,6,June,2,2025,24,Wednesday
2025-06-12,12,6,June,2,2025,24,Thursday
2025-06-13,13,6,June,2,2025,24,Friday
2025-06-14,14,6,June,2,2025,24,Saturday
2025-06-15,15,6,June,2,2025,24,Sunday
2025-06-16,16,6,June,2,2025,25,Monday
2025-06-17,17,6,June,2,2025,25,Tuesday
2025-06-18,18,6,June,2,2025,25,Wednesday
2025-06-19,19,6,June,2,2025,25,Thursday
2025-06-20,20,6,June,2,2025,25,Friday
2025-06-21,21,6,June,2,2025,25,Saturday
2025-06-22,22,6,June,2,2025,25,Sunday
2025-06-23,23,6,June,2,2025,26,Monday
2025-06-24,24,6,June,2,2025,26,Tuesday
2025-06-25,25,6,June,2,2025,26,Wednesday
2025-06-26,26,6,June,2,2025,26,Thursday
2025-06-27,27,6,June,2,2025,26,Friday
2025-06-28,28,6,June,2,2025,26,Saturday
2025-06-29,29,6,June,2,2025,26,Sunday
2025-06-30,30,6,June,2,2025,27,Monday
2025-07-01,1,7,July,3,2025,27,Tuesday
2025-07-02,2,7,July,3,2025,27,Wednesday
2025-07-03,3,7,July,3,2025,27,Thursday
2025-07-04,4,7,July,3,2025,27,Friday
2025-07-05,5,7,July,3,2025,27,Saturday
2025-07-06,6,7,July,3,2025,27,Sunday
2025-07-07,7,7,July,3,2025,28,Monday
2025-07-08,8,7,July,3,2025,28,Tuesday
2025-07-09,9,7,July,3,2025,28,Wednesday
2025-07-10,10,7,July,3,2025,28,Thursday
2025-07-11,11,7,July,3,2025,28,Friday
2025-07-12,12,7,July,3,2025,28,Saturday
2025-07-13,13,7,July,3,2025,28,Sunday
2025-07-14,14,7,July,3,2025,29,Monday
2025-07-15,15,7,July,3,2025,29,Tuesday
2025-07-16,16,7,July,3,2025,29,Wednesday
2025-07-17,17,7,July,3,2025,29,Thursday
2025-07-18,18,7,July,3,2025,29,Friday
2025-07-19,19,7,July,3,2025,29,Saturday
2025-07-20,20,7,July,3,2025,29,Sunday
2025-07-21,21,7,July,3,2025,30,Monday
2025-07-22,22,7,July,3,2025,30,Tuesday
2025-07-23,23,7,July,3,2025,30,Wednesday
2025-07-24,24,7,July,3,2025,30,Thursday
2025-07-25,25,7,July,3,2025,30,Friday
2025-07-26,26,7,July,3,2025,30,Saturday
2025-07-27,27,7,July,3,2025,30,Sunday
2025-07-28,28,7,July,3,2025,31,Monday
2025-07-29,29,7,July,3,2025,31,Tuesday
2025-07-30,30,7,July,3,2025,31,Wednesday
2025-07-31,31,7,July,3,2025,31,Thursday
2025-08-01,1,8,August,3,2025,31,Friday
2025-08-02,2,8,August,3,2025,31,Saturday
2025-08-03,3,8,August,3,2025,31,Sunday
2025-08-04,4,8,August,3,2025,32,Monday
2025-08-05,5,8,August,3,2025,32,Tuesday
2025-08-06,6,8,August,3,2025,32,Wednesday
2025-08-07,7,8,August,3,2025,32,Thursday
2025-08-08,8,8,August,3,2025,32,Friday
2025-08-09,9,8,August,3,2025,32,Saturday
2025-08-10,10,8,August,3,2025,32,Sunday
2025-08-11,11,8,August,3,2025,33,Monday
2025-08-12,12,8,August,3,2025,33,Tuesday
2025-08-13,13,8,August,3,2025,33,Wednesday
2025-08-14,14,8,August,3,2025,33,Thursday
2025-08-15,15,8,August,3,2025,33,Friday
2025-08-16,16,8,August,3,2025,33,Saturday
2025-08-17,17,8,August,3,2025,33,Sunday
2025-08-18,18,8,August,3,2025,34,Monday
2025-08-19,19,8,August,3,2025,34,Tuesday
2025-08-20,20,8,August,3,2025,34,Wednesday
2025-08-21,21,8,August,3,2025,34,Thursday
2025-08-22,22,8,August,3,2025,34,Friday
2025-08-23,23,8,August,3,2025,34,Saturday
2025-08-24,24,8,August,3,2025,34,Sunday
2025-08-25,25,8,August,3,2025,35,Monday
2025-08-26,26,8,August,3,2025,35,Tuesday
2025-08-27,27,8,August,3,2025,35,Wednesday
2025-08-28,28,8,August,3,2025,35,Thursday
2025-08-29,29,8,August,3,2025,35,Friday
2025-08-30,30,8,August,3,2025,35,Saturday
2025-08-31,31,8,August,3,2025,35,Sunday
2025-09-01,1,9,September,3,2025,36,Monday
2025-09-02,2,9,September,3,2025,36,Tuesday
2025-09-03,3,9,September,3,2025,36,Wednesday
2025-09-04,4,9,September,3,2025,36,Thursday
2025-09-05,5,9,September,3,2025,36,Friday
2025-09-06,6,9,September,3,2025,36,Saturday
2025-09-07,7,9,September,3,2025,36,Sunday
2025-09-08,8,9,September,3,2025,37,Monday
2025-09-09,9,9,September,3,2025,37,Tuesday
2025-09-10,10,9,September,3,2025,37,Wednesday
2025-09-11,11,9,September,3,2025,37,Thursday
2025-09-12,12,9,September,3,2025,37,Friday
2025-09-13,13,9,September,3,2025,37,Saturday
2025-09-14,14,9,September,3,2025,37,Sunday
2025-09-15,15,9,September,3,2025,38,Monday
2025-09-16,16,9,September,3,2025,38,Tuesday
2025-09-17,17,9,September,3,2025,38,Wednesday
2025-09-18,18,9,September,3,2025,38,Thursday
2025-09-19,19,9,September,3,2025,38,Friday
2025-09-20,20,9,September,3,2025,38,Saturday
2025-09-21,21,9,September,3,2025,38,Sunday
2025-09-22,22,9,September,3,2025,39,Monday
2025-09-23,23,9,September,3,2025,39,Tuesday
2025-09-24,24,9,September,3,2025,39,Wednesday
2025-09-25,25,9,September,3,2025,39,Thursday
2025-09-26,26,9,September,3,2025,39,Friday
2025-09-27,27,9,September,3,2025,39,Saturday
2025-09-28,28,9,September,3,2025,39,Sunday
2025-09-29,29,9,September,3,2025,40,Monday
2025-09-30,30,9,September,3,2025,40,Tuesday
2025-10-01,1,10,October,4,2025,40,Wednesday
2025-10-02,2,10,October,4,2025,40,Thursday
2025-10-03,3,10,October,4,2025,40,Friday
2025-10-04,4,10,October,4,2025,40,Saturday
2025-10-05,5,10,October,4,2025,40,Sunday
2025-10-06,6,10,October,4,2025,41,Monday
2025-10-07,7,10,October,4,2025,41,Tuesday
2025-10-08,8,10,October,4,2025,41,Wednesday
2025-10-09,9,10,October,4,2025,41,Thursday
2025-10-10,10,10,October,4,2025,41,Friday
2025-10-11,11,10,October,4,2025,41,Saturday
2025-10-12,12,10,October,4,2025,41,Sunday
2025-10-13,13,10,October,4,2025,42,Monday
2025-10-14,14,10,October,4,2025,42,Tuesday
2025-10-15,15,10,October,4,2025,42,Wednesday
2025-10-16,16,10,October,4,2025,42,Thursday
2025-10-17,17,10,October,4,2025,42,Friday
2025-10-18,18,10,October,4,2025,42,Saturday
2025-10-19,19,10,October,4,2025,42,Sunday
2025-10-20,20,10,October,4,2025,43,Monday
2025-10-21,21,10,October,4,2025,43,Tuesday
2025-10-22,22,10,October,4,2025,43,Wednesday
2025-10-23,23,10,October,4,2025,43,Thursday
2025-10-24,24,10,October,4,2025,43,Friday
2025-10-25,25,10,October,4,2025,43,Saturday
2025-10-26,26,10,October,4,2025,43,Sunday
2025-10-27,27,10,October,4,2025,44,Monday
2025-10-28,28,10,October,4,2025,44,Tuesday
2025-10-29,29,10,October,4,2025,44,Wednesday
2025-10-30,30,10,October,4,2025,44,Thursday
2025-10-31,31,10,October,4,2025,44,Friday
2025-11-01,1,11,November,4,2025,44,Saturday
2025-11-02,2,11,November,4,2025,44,Sunday
2025-11-03,3,11,November,4,2025,45,Monday
2025-11-04,4,11,November,4,2025,45,Tuesday
2025-11-05,5,11,November,4,2025,45,Wednesday
2025-11-06,6,11,November,4,2025,45,Thursday
2025-11-07,7,11,November,4,2025,45,Friday
2025-11-08,8,11,November,4,2025,45,Saturday
2025-11-09,9,11,November,4,2025,45,Sunday
2025-11-10,10,11,November,4,2025,46,Monday
2025-11-11,11,11,November,4,2025,46,Tuesday
2025-11-12,12,11,November,4,2025,46,Wednesday
2025-11-13,13,11,November,4,2025,46,Thursday
2025-11-14,14,11,November,4,2025,46,Friday
2025-11-15,15,11,November,4,2025,46,Saturday
2025-11-16,16,11,November,4,2025,46,Sunday
2025-11-17,17,11,November,4,2025,47,Monday
2025-11-18,18,11,November,4,2025,47,Tuesday
2025-11-19,19,11,November,4,2025,47,Wednesday
2025-11-20,20,11,November,4,2025,47,Thursday
2025-11-21,21,11,November,4,2025,47,Friday
2025-11-22,22,11,November,4,2025,47,Saturday
2025-11-23,23,11,November,4,2025,47,Sunday
2025-11-24,24,11,November,4,2025,48,Monday
2025-11-25,25,11,November,4,2025,48,Tuesday
2025-11-26,26,11,November,4,2025,48,Wednesday
2025-11-27,27,11,November,4,2025,48,Thursday
2025-11-28,28,11,November,4,2025,48,Friday
2025-11-29,29,11,November,4,2025,48,Saturday
2025-11-30,30,11,November,4,2025,48,Sunday
2025-12-01,1,12,December,4,2025,49,Monday
2025-12-02,2,12,December,4,2025,49,Tuesday
2025-12-03,3,12,December,4,2025,49,Wednesday
2025-12-04,4,12,December,4,2025,49,Thursday
2025-12-05,5,12,December,4,2025,49,Friday
2025-12-06,6,12,December,4,2025,49,Saturday
2025-12-07,7,12,December,4,2025,49,Sunday
2025-12-08,8,12,December,4,2025,50,Monday
2025-12-09,9,12,December,4,2025,50,Tuesday
2025-12-10,10,12,December,4,2025,50,Wednesday
2025-12-11,11,12,December,4,2025,50,Thursday
2025-12-12,12,12,December,4,2025,50,Friday
2025-12-13,13,12,December,4,2025,50,Saturday
2025-12-14,14,12,December,4,2025,50,Sunday
2025-12-15,15,12,December,4,2025,51,Monday
2025-12-16,16,12,December,4,2025,51,Tuesday
2025-12-17,17,12,December,4,2025,51,Wednesday
2025-12-18,18,12,December,4,2025,51,Thursday
2025-12-19,19,12,December,4,2025,51,Friday
2025-12-20,20,12,December,4,2025,51,Saturday
2025-12-21,21,12,December,4,2025,51,Sunday
2025-12-22,22,12,December,4,2025,52,Monday
2025-12-23,23,12,December,4,2025,52,Tuesday
2025-12-24,24,12,December,4,2025,52,Wednesday
2025-12-25,25,12,December,4,2025,52,Thursday
2025-12-26,26,12,December,4,2025,52,Friday
2025-12-27,27,12,December,4,2025,52,Saturday
2025-12-28,28,12,December,4,2025,52,Sunday
2025-12-29,29,12,December,4,2025,1,Monday
2025-12-30,30,12,December,4,2025,1,Tuesday
2025-12-31,31,12,December,4,2025,1,Wednesday
